departure_iata,arrival_iata,departure_date,arrival_date,price,currency_code,flight_number,flight_key
STN,BRQ,2023-06-09T20:20:00,2023-06-09T23:25:00,27.99,GBP,FR2477,FR~2477~ ~~STN~06/09/2023 20:20~BRQ~06/09/2023 23:25~~
STN,CPH,2023-06-09T20:05:00,2023-06-09T22:50:00,29.06,GBP,FR7382,FR~7382~ ~~STN~06/09/2023 20:05~CPH~06/09/2023 22:50~~
STN,OSL,2023-06-09T06:45:00,2023-06-09T09:45:00,29.21,GBP,RK1392,RK~1392~ ~~STN~06/09/2023 06:45~OSL~06/09/2023 09:45~~
STN,MXP,2023-06-09T06:15:00,2023-06-09T09:15:00,55.24,GBP,FR2757,FR~2757~ ~~STN~06/09/2023 06:15~MXP~06/09/2023 09:15~~
STN,PRG,2023-06-09T13:20:00,2023-06-09T16:10:00,79.57,GBP,FR2013,FR~2013~ ~~STN~06/09/2023 13:20~PRG~06/09/2023 16:10~~
STN,VIE,2023-06-09T12:55:00,2023-06-09T16:05:00,86.09,GBP,FR730,FR~ 730~ ~~STN~06/09/2023 12:55~VIE~06/09/2023 16:05~~
STN,BCN,2023-06-09T07:55:00,2023-06-09T11:05:00,91.04,GBP,FR8230,FR~8230~ ~~STN~06/09/2023 07:55~BCN~06/09/2023 11:05~~
STN,LIS,2023-06-09T17:25:00,2023-06-09T20:15:00,112.99,GBP,FR1886,FR~1886~ ~~STN~06/09/2023 17:25~LIS~06/09/2023 20:15~~
STN,MAD,2023-06-09T18:25:00,2023-06-09T21:55:00,127.37,GBP,FR5996,FR~5996~ ~~STN~06/09/2023 18:25~MAD~06/09/2023 21:55~~
STN,OPO,2023-06-09T09:25:00,2023-06-09T11:50:00,128.87,GBP,FR1261,FR~1261~ ~~STN~06/09/2023 09:25~OPO~06/09/2023 11:50~~
STN,MLA,2023-06-09T11:05:00,2023-06-09T15:20:00,144.07,GBP,FR4208,FR~4208~ ~~STN~06/09/2023 11:05~MLA~06/09/2023 15:20~~
STN,ARN,2023-06-09T10:10:00,2023-06-09T13:30:00,251.69,GBP,FR4693,FR~4693~ ~~STN~06/09/2023 10:10~ARN~06/09/2023 13:30~~
STN,BRQ,2023-06-10T09:30:00,2023-06-10T12:35:00,32.0,GBP,FR2477,FR~2477~ ~~STN~06/10/2023 09:30~BRQ~06/10/2023 12:35~~
STN,BTS,2023-06-10T08:35:00,2023-06-10T11:45:00,35.95,GBP,FR2314,FR~2314~ ~~STN~06/10/2023 08:35~BTS~06/10/2023 11:45~~
STN,MXP,2023-06-10T18:50:00,2023-06-10T21:50:00,42.05,GBP,FR8736,FR~8736~ ~~STN~06/10/2023 18:50~MXP~06/10/2023 21:50~~
STN,MLA,2023-06-10T19:20:00,2023-06-10T23:35:00,47.04,GBP,FR4208,FR~4208~ ~~STN~06/10/2023 19:20~MLA~06/10/2023 23:35~~
STN,CPH,2023-06-10T12:30:00,2023-06-10T15:15:00,50.62,GBP,FR7384,FR~7384~ ~~STN~06/10/2023 12:30~CPH~06/10/2023 15:15~~
STN,ARN,2023-06-10T16:55:00,2023-06-10T20:15:00,57.99,GBP,FR4693,FR~4693~ ~~STN~06/10/2023 16:55~ARN~06/10/2023 20:15~~
STN,OPO,2023-06-10T19:00:00,2023-06-10T21:25:00,61.49,GBP,FR7700,FR~7700~ ~~STN~06/10/2023 19:00~OPO~06/10/2023 21:25~~
STN,PRG,2023-06-10T14:25:00,2023-06-10T17:15:00,65.95,GBP,FR1374,FR~1374~ ~~STN~06/10/2023 14:25~PRG~06/10/2023 17:15~~
STN,BCN,2023-06-10T21:40:00,2023-06-11T00:50:00,75.77,GBP,FR9044,FR~9044~ ~~STN~06/10/2023 21:40~BCN~06/11/2023 00:50~~
STN,MAD,2023-06-10T14:00:00,2023-06-10T17:30:00,83.89,GBP,FR5994,FR~5994~ ~~STN~06/10/2023 14:00~MAD~06/10/2023 17:30~~
STN,OSL,2023-06-10T15:00:00,2023-06-10T18:00:00,86.72,GBP,RK1392,RK~1392~ ~~STN~06/10/2023 15:00~OSL~06/10/2023 18:00~~
STN,VIE,2023-06-10T13:05:00,2023-06-10T16:15:00,88.07,GBP,FR732,FR~ 732~ ~~STN~06/10/2023 13:05~VIE~06/10/2023 16:15~~
STN,LIS,2023-06-10T18:00:00,2023-06-10T20:50:00,114.97,GBP,FR1884,FR~1884~ ~~STN~06/10/2023 18:00~LIS~06/10/2023 20:50~~
STN,NCE,2023-06-10T08:40:00,2023-06-10T11:55:00,119.13,GBP,FR1874,FR~1874~ ~~STN~06/10/2023 08:40~NCE~06/10/2023 11:55~~
STN,ARN,2023-06-11T07:00:00,2023-06-11T10:20:00,31.55,GBP,FR4693,FR~4693~ ~~STN~06/11/2023 07:00~ARN~06/11/2023 10:20~~
STN,NCE,2023-06-11T17:10:00,2023-06-11T20:25:00,35.52,GBP,FR1874,FR~1874~ ~~STN~06/11/2023 17:10~NCE~06/11/2023 20:25~~
STN,CPH,2023-06-11T06:30:00,2023-06-11T09:15:00,35.59,GBP,FR2618,FR~2618~ ~~STN~06/11/2023 06:30~CPH~06/11/2023 09:15~~
STN,BTS,2023-06-11T08:25:00,2023-06-11T11:35:00,35.95,GBP,FR2314,FR~2314~ ~~STN~06/11/2023 08:25~BTS~06/11/2023 11:35~~
STN,BRQ,2023-06-11T16:15:00,2023-06-11T19:20:00,44.99,GBP,FR2477,FR~2477~ ~~STN~06/11/2023 16:15~BRQ~06/11/2023 19:20~~
STN,PRG,2023-06-11T14:25:00,2023-06-11T17:15:00,53.53,GBP,FR1374,FR~1374~ ~~STN~06/11/2023 14:25~PRG~06/11/2023 17:15~~
STN,MXP,2023-06-11T20:05:00,2023-06-11T23:05:00,54.87,GBP,FR2757,FR~2757~ ~~STN~06/11/2023 20:05~MXP~06/11/2023 23:05~~
STN,MAD,2023-06-11T08:50:00,2023-06-11T12:20:00,83.89,GBP,FR2628,FR~2628~ ~~STN~06/11/2023 08:50~MAD~06/11/2023 12:20~~
STN,BCN,2023-06-11T08:25:00,2023-06-11T11:35:00,95.99,GBP,FR8230,FR~8230~ ~~STN~06/11/2023 08:25~BCN~06/11/2023 11:35~~
STN,LIS,2023-06-11T08:30:00,2023-06-11T11:20:00,99.34,GBP,FR1080,FR~1080~ ~~STN~06/11/2023 08:30~LIS~06/11/2023 11:20~~
STN,VIE,2023-06-11T19:15:00,2023-06-11T22:25:00,106.88,GBP,FR730,FR~ 730~ ~~STN~06/11/2023 19:15~VIE~06/11/2023 22:25~~
STN,OPO,2023-06-11T15:50:00,2023-06-11T18:15:00,111.24,GBP,FR1275,FR~1275~ ~~STN~06/11/2023 15:50~OPO~06/11/2023 18:15~~
STN,OSL,2023-06-11T20:15:00,2023-06-11T23:15:00,235.09,GBP,RK1392,RK~1392~ ~~STN~06/11/2023 20:15~OSL~06/11/2023 23:15~~
STN,BRQ,2023-06-12T06:30:00,2023-06-12T09:35:00,15.0,GBP,FR2477,FR~2477~ ~~STN~06/12/2023 06:30~BRQ~06/12/2023 09:35~~
STN,MXP,2023-06-12T06:15:00,2023-06-12T09:15:00,25.99,GBP,FR2757,FR~2757~ ~~STN~06/12/2023 06:15~MXP~06/12/2023 09:15~~
STN,NCE,2023-06-12T18:00:00,2023-06-12T21:15:00,26.12,GBP,FR1874,FR~1874~ ~~STN~06/12/2023 18:00~NCE~06/12/2023 21:15~~
STN,OSL,2023-06-12T05:55:00,2023-06-12T08:55:00,34.33,GBP,RK1392,RK~1392~ ~~STN~06/12/2023 05:55~OSL~06/12/2023 08:55~~
STN,PRG,2023-06-12T21:25:00,2023-06-13T00:15:00,36.22,GBP,FR1374,FR~1374~ ~~STN~06/12/2023 21:25~PRG~06/13/2023 00:15~~
STN,CPH,2023-06-12T19:10:00,2023-06-12T21:55:00,41.99,GBP,FR7384,FR~7384~ ~~STN~06/12/2023 19:10~CPH~06/12/2023 21:55~~
STN,ARN,2023-06-12T09:15:00,2023-06-12T12:35:00,66.97,GBP,FR4693,FR~4693~ ~~STN~06/12/2023 09:15~ARN~06/12/2023 12:35~~
STN,VIE,2023-06-12T07:50:00,2023-06-12T11:00:00,69.75,GBP,FR730,FR~ 730~ ~~STN~06/12/2023 07:50~VIE~06/12/2023 11:00~~
STN,OPO,2023-06-12T06:10:00,2023-06-12T08:40:00,71.99,GBP,FR1261,FR~1261~ ~~STN~06/12/2023 06:10~OPO~06/12/2023 08:40~~
STN,MAD,2023-06-12T18:40:00,2023-06-12T22:10:00,79.39,GBP,RK5996,RK~5996~ ~~STN~06/12/2023 18:40~MAD~06/12/2023 22:10~~
STN,LIS,2023-06-12T17:45:00,2023-06-12T20:35:00,99.34,GBP,FR1886,FR~1886~ ~~STN~06/12/2023 17:45~LIS~06/12/2023 20:35~~
STN,BCN,2023-06-12T18:00:00,2023-06-12T21:10:00,106.42,GBP,FR9014,FR~9014~ ~~STN~06/12/2023 18:00~BCN~06/12/2023 21:10~~
STN,MLA,2023-06-12T16:05:00,2023-06-12T20:20:00,194.55,GBP,FR4208,FR~4208~ ~~STN~06/12/2023 16:05~MLA~06/12/2023 20:20~~
STN,MXP,2023-06-13T21:25:00,2023-06-14T00:25:00,14.7,GBP,FR8736,FR~8736~ ~~STN~06/13/2023 21:25~MXP~06/14/2023 00:25~~
STN,VIE,2023-06-13T18:45:00,2023-06-13T21:55:00,25.09,GBP,FR732,FR~ 732~ ~~STN~06/13/2023 18:45~VIE~06/13/2023 21:55~~
STN,BRQ,2023-06-13T12:25:00,2023-06-13T15:30:00,28.99,GBP,FR2477,FR~2477~ ~~STN~06/13/2023 12:25~BRQ~06/13/2023 15:30~~
STN,CPH,2023-06-13T18:55:00,2023-06-13T21:40:00,29.24,GBP,FR7384,FR~7384~ ~~STN~06/13/2023 18:55~CPH~06/13/2023 21:40~~
STN,OSL,2023-06-13T15:15:00,2023-06-13T18:15:00,34.33,GBP,RK1392,RK~1392~ ~~STN~06/13/2023 15:15~OSL~06/13/2023 18:15~~
STN,ARN,2023-06-13T19:15:00,2023-06-13T22:35:00,41.99,GBP,FR4719,FR~4719~ ~~STN~06/13/2023 19:15~ARN~06/13/2023 22:35~~
STN,BCN,2023-06-13T21:10:00,2023-06-14T00:20:00,42.52,GBP,FR9044,FR~9044~ ~~STN~06/13/2023 21:10~BCN~06/14/2023 00:20~~
STN,BTS,2023-06-13T15:00:00,2023-06-13T18:10:00,43.17,GBP,FR2314,FR~2314~ ~~STN~06/13/2023 15:00~BTS~06/13/2023 18:10~~
STN,PRG,2023-06-13T21:35:00,2023-06-14T00:25:00,45.55,GBP,FR2013,FR~2013~ ~~STN~06/13/2023 21:35~PRG~06/14/2023 00:25~~
STN,NCE,2023-06-13T13:30:00,2023-06-13T16:45:00,49.77,GBP,FR1874,FR~1874~ ~~STN~06/13/2023 13:30~NCE~06/13/2023 16:45~~
STN,MAD,2023-06-13T11:35:00,2023-06-13T15:00:00,61.42,GBP,FR5994,FR~5994~ ~~STN~06/13/2023 11:35~MAD~06/13/2023 15:00~~
STN,OPO,2023-06-13T18:20:00,2023-06-13T20:45:00,67.7,GBP,FR7700,FR~7700~ ~~STN~06/13/2023 18:20~OPO~06/13/2023 20:45~~
STN,LIS,2023-06-13T07:55:00,2023-06-13T10:45:00,83.07,GBP,FR1080,FR~1080~ ~~STN~06/13/2023 07:55~LIS~06/13/2023 10:45~~
STN,MLA,2023-06-13T20:15:00,2023-06-14T00:30:00,133.42,GBP,FR4208,FR~4208~ ~~STN~06/13/2023 20:15~MLA~06/14/2023 00:30~~
STN,BRQ,2023-06-14T19:00:00,2023-06-14T22:05:00,15.0,GBP,FR2477,FR~2477~ ~~STN~06/14/2023 19:00~BRQ~06/14/2023 22:05~~
STN,OSL,2023-06-14T06:10:00,2023-06-14T09:10:00,17.0,GBP,RK1392,RK~1392~ ~~STN~06/14/2023 06:10~OSL~06/14/2023 09:10~~
STN,MXP,2023-06-14T18:45:00,2023-06-14T21:45:00,19.59,GBP,FR8736,FR~8736~ ~~STN~06/14/2023 18:45~MXP~06/14/2023 21:45~~
STN,VIE,2023-06-14T19:40:00,2023-06-14T22:50:00,24.53,GBP,FR732,FR~ 732~ ~~STN~06/14/2023 19:40~VIE~06/14/2023 22:50~~
STN,CPH,2023-06-14T07:00:00,2023-06-14T09:45:00,24.74,GBP,FR2618,FR~2618~ ~~STN~06/14/2023 07:00~CPH~06/14/2023 09:45~~
STN,ARN,2023-06-14T21:25:00,2023-06-15T00:45:00,31.69,GBP,FR4719,FR~4719~ ~~STN~06/14/2023 21:25~ARN~06/15/2023 00:45~~
STN,PRG,2023-06-14T13:00:00,2023-06-14T15:50:00,39.89,GBP,FR1013,FR~1013~ ~~STN~06/14/2023 13:00~PRG~06/14/2023 15:50~~
STN,BTS,2023-06-14T16:35:00,2023-06-14T19:45:00,40.19,GBP,FR2314,FR~2314~ ~~STN~06/14/2023 16:35~BTS~06/14/2023 19:45~~
STN,MAD,2023-06-14T08:20:00,2023-06-14T11:50:00,47.24,GBP,FR2628,FR~2628~ ~~STN~06/14/2023 08:20~MAD~06/14/2023 11:50~~
STN,OPO,2023-06-14T07:15:00,2023-06-14T09:40:00,49.49,GBP,FR1261,FR~1261~ ~~STN~06/14/2023 07:15~OPO~06/14/2023 09:40~~
STN,BCN,2023-06-14T20:05:00,2023-06-14T23:15:00,51.42,GBP,FR9044,FR~9044~ ~~STN~06/14/2023 20:05~BCN~06/14/2023 23:15~~
STN,NCE,2023-06-14T08:15:00,2023-06-14T11:30:00,57.04,GBP,RK1874,RK~1874~ ~~STN~06/14/2023 08:15~NCE~06/14/2023 11:30~~
STN,LIS,2023-06-14T14:35:00,2023-06-14T17:25:00,77.49,GBP,FR1884,FR~1884~ ~~STN~06/14/2023 14:35~LIS~06/14/2023 17:25~~
STN,MLA,2023-06-14T08:35:00,2023-06-14T12:50:00,271.74,GBP,FR4208,FR~4208~ ~~STN~06/14/2023 08:35~MLA~06/14/2023 12:50~~
STN,BRQ,2023-06-15T07:00:00,2023-06-15T10:05:00,19.99,GBP,FR2477,FR~2477~ ~~STN~06/15/2023 07:00~BRQ~06/15/2023 10:05~~
STN,VIE,2023-06-15T07:05:00,2023-06-15T10:15:00,21.19,GBP,FR730,FR~ 730~ ~~STN~06/15/2023 07:05~VIE~06/15/2023 10:15~~
STN,MXP,2023-06-15T16:10:00,2023-06-15T19:10:00,23.87,GBP,FR8719,FR~8719~ ~~STN~06/15/2023 16:10~MXP~06/15/2023 19:10~~
STN,CPH,2023-06-15T06:00:00,2023-06-15T08:45:00,31.74,GBP,FR2618,FR~2618~ ~~STN~06/15/2023 06:00~CPH~06/15/2023 08:45~~
STN,BTS,2023-06-15T18:10:00,2023-06-15T21:20:00,34.39,GBP,FR2314,FR~2314~ ~~STN~06/15/2023 18:10~BTS~06/15/2023 21:20~~
STN,OSL,2023-06-15T19:10:00,2023-06-15T22:10:00,37.04,GBP,RK1392,RK~1392~ ~~STN~06/15/2023 19:10~OSL~06/15/2023 22:10~~
STN,PRG,2023-06-15T07:55:00,2023-06-15T10:45:00,43.78,GBP,FR1013,FR~1013~ ~~STN~06/15/2023 07:55~PRG~06/15/2023 10:45~~
STN,OPO,2023-06-15T11:30:00,2023-06-15T13:55:00,71.99,GBP,FR1275,FR~1275~ ~~STN~06/15/2023 11:30~OPO~06/15/2023 13:55~~
STN,MAD,2023-06-15T15:50:00,2023-06-15T19:20:00,75.12,GBP,FR5994,FR~5994~ ~~STN~06/15/2023 15:50~MAD~06/15/2023 19:20~~
STN,ARN,2023-06-15T08:45:00,2023-06-15T12:05:00,104.6,GBP,FR4693,FR~4693~ ~~STN~06/15/2023 08:45~ARN~06/15/2023 12:05~~
STN,BCN,2023-06-15T19:45:00,2023-06-15T22:55:00,107.87,GBP,FR9044,FR~9044~ ~~STN~06/15/2023 19:45~BCN~06/15/2023 22:55~~
STN,LIS,2023-06-15T17:20:00,2023-06-15T20:10:00,114.97,GBP,FR1884,FR~1884~ ~~STN~06/15/2023 17:20~LIS~06/15/2023 20:10~~
STN,NCE,2023-06-15T17:20:00,2023-06-15T20:35:00,130.39,GBP,FR1874,FR~1874~ ~~STN~06/15/2023 17:20~NCE~06/15/2023 20:35~~
STN,MLA,2023-06-15T19:35:00,2023-06-15T23:50:00,254.79,GBP,FR4208,FR~4208~ ~~STN~06/15/2023 19:35~MLA~06/15/2023 23:50~~
STN,BRQ,2023-06-16T20:20:00,2023-06-16T23:25:00,28.99,GBP,FR2477,FR~2477~ ~~STN~06/16/2023 20:20~BRQ~06/16/2023 23:25~~
STN,OSL,2023-06-16T06:45:00,2023-06-16T09:45:00,36.99,GBP,RK1392,RK~1392~ ~~STN~06/16/2023 06:45~OSL~06/16/2023 09:45~~
STN,PRG,2023-06-16T07:50:00,2023-06-16T10:40:00,37.47,GBP,FR1013,FR~1013~ ~~STN~06/16/2023 07:50~PRG~06/16/2023 10:40~~
STN,CPH,2023-06-16T20:05:00,2023-06-16T22:50:00,46.05,GBP,FR7382,FR~7382~ ~~STN~06/16/2023 20:05~CPH~06/16/2023 22:50~~
STN,MXP,2023-06-16T13:25:00,2023-06-16T16:25:00,54.87,GBP,FR8719,FR~8719~ ~~STN~06/16/2023 13:25~MXP~06/16/2023 16:25~~
STN,VIE,2023-06-16T12:55:00,2023-06-16T16:05:00,60.85,GBP,FR730,FR~ 730~ ~~STN~06/16/2023 12:55~VIE~06/16/2023 16:05~~
STN,BCN,2023-06-16T14:00:00,2023-06-16T17:10:00,88.07,GBP,FR8214,FR~8214~ ~~STN~06/16/2023 14:00~BCN~06/16/2023 17:10~~
STN,LIS,2023-06-16T07:25:00,2023-06-16T10:15:00,96.69,GBP,FR1080,FR~1080~ ~~STN~06/16/2023 07:25~LIS~06/16/2023 10:15~~
STN,OPO,2023-06-16T21:10:00,2023-06-16T23:35:00,119.64,GBP,FR7700,FR~7700~ ~~STN~06/16/2023 21:10~OPO~06/16/2023 23:35~~
STN,MAD,2023-06-16T15:50:00,2023-06-16T19:20:00,144.74,GBP,FR5994,FR~5994~ ~~STN~06/16/2023 15:50~MAD~06/16/2023 19:20~~
STN,ARN,2023-06-16T10:10:00,2023-06-16T13:30:00,161.94,GBP,FR4693,FR~4693~ ~~STN~06/16/2023 10:10~ARN~06/16/2023 13:30~~
STN,MLA,2023-06-16T11:05:00,2023-06-16T15:20:00,213.44,GBP,FR4208,FR~4208~ ~~STN~06/16/2023 11:05~MLA~06/16/2023 15:20~~
NCE,STN,2023-06-10T12:30:00,2023-06-10T13:35:00,86.63,EUR,FR1875,FR~1875~ ~~NCE~06/10/2023 12:30~STN~06/10/2023 13:35~~
NCE,STN,2023-06-11T21:00:00,2023-06-11T22:05:00,157.09,EUR,FR1875,FR~1875~ ~~NCE~06/11/2023 21:00~STN~06/11/2023 22:05~~
NCE,STN,2023-06-12T21:50:00,2023-06-12T23:00:00,74.59,EUR,FR1875,FR~1875~ ~~NCE~06/12/2023 21:50~STN~06/12/2023 23:00~~
NCE,STN,2023-06-13T17:20:00,2023-06-13T18:25:00,65.31,EUR,FR1875,FR~1875~ ~~NCE~06/13/2023 17:20~STN~06/13/2023 18:25~~
NCE,STN,2023-06-14T12:05:00,2023-06-14T13:10:00,27.19,EUR,RK1875,RK~1875~ ~~NCE~06/14/2023 12:05~STN~06/14/2023 13:10~~
NCE,STN,2023-06-15T21:10:00,2023-06-15T22:15:00,35.55,EUR,FR1875,FR~1875~ ~~NCE~06/15/2023 21:10~STN~06/15/2023 22:15~~
MXP,STN,2023-06-09T09:45:00,2023-06-09T10:45:00,76.45,EUR,FR2756,FR~2756~ ~~MXP~06/09/2023 09:45~STN~06/09/2023 10:45~~
MXP,MAD,2023-06-09T09:55:00,2023-06-09T12:15:00,79.97,EUR,FR2752,FR~2752~ ~~MXP~06/09/2023 09:55~MAD~06/09/2023 12:15~~
MXP,BCN,2023-06-09T05:45:00,2023-06-09T07:25:00,94.72,EUR,FR7540,FR~7540~ ~~MXP~06/09/2023 05:45~BCN~06/09/2023 07:25~~
MXP,VIE,2023-06-09T13:30:00,2023-06-09T15:00:00,105.82,EUR,FR215,FR~ 215~ ~~MXP~06/09/2023 13:30~VIE~06/09/2023 15:00~~
MXP,OPO,2023-06-09T10:25:00,2023-06-09T12:00:00,128.99,EUR,FR4018,FR~4018~ ~~MXP~06/09/2023 10:25~OPO~06/09/2023 12:00~~
MXP,VIE,2023-06-10T16:15:00,2023-06-10T17:45:00,66.91,EUR,FR215,FR~ 215~ ~~MXP~06/10/2023 16:15~VIE~06/10/2023 17:45~~
MXP,BCN,2023-06-10T16:15:00,2023-06-10T17:55:00,70.77,EUR,FR7540,FR~7540~ ~~MXP~06/10/2023 16:15~BCN~06/10/2023 17:55~~
MXP,STN,2023-06-10T13:10:00,2023-06-10T14:05:00,72.19,EUR,FR2756,FR~2756~ ~~MXP~06/10/2023 13:10~STN~06/10/2023 14:05~~
MXP,MAD,2023-06-10T06:35:00,2023-06-10T08:55:00,127.89,EUR,FR2752,FR~2752~ ~~MXP~06/10/2023 06:35~MAD~06/10/2023 08:55~~
MXP,OPO,2023-06-10T15:10:00,2023-06-10T16:45:00,173.19,EUR,FR4018,FR~4018~ ~~MXP~06/10/2023 15:10~OPO~06/10/2023 16:45~~
MXP,VIE,2023-06-11T20:20:00,2023-06-11T21:50:00,105.86,EUR,FR215,FR~ 215~ ~~MXP~06/11/2023 20:20~VIE~06/11/2023 21:50~~
MXP,STN,2023-06-11T22:55:00,2023-06-11T23:55:00,124.29,EUR,FR8737,FR~8737~ ~~MXP~06/11/2023 22:55~STN~06/11/2023 23:55~~
MXP,MAD,2023-06-11T07:10:00,2023-06-11T09:25:00,126.82,EUR,FR2752,FR~2752~ ~~MXP~06/11/2023 07:10~MAD~06/11/2023 09:25~~
MXP,BCN,2023-06-11T20:50:00,2023-06-11T22:25:00,128.97,EUR,FR270,FR~ 270~ ~~MXP~06/11/2023 20:50~BCN~06/11/2023 22:25~~
MXP,MLA,2023-06-11T22:35:00,2023-06-12T00:35:00,150.24,EUR,FR5970,FR~5970~ ~~MXP~06/11/2023 22:35~MLA~06/12/2023 00:35~~
MXP,BCN,2023-06-12T23:00:00,2023-06-13T00:40:00,40.59,EUR,FR7540,FR~7540~ ~~MXP~06/12/2023 23:00~BCN~06/13/2023 00:40~~
MXP,STN,2023-06-12T09:45:00,2023-06-12T10:45:00,56.99,EUR,FR2756,FR~2756~ ~~MXP~06/12/2023 09:45~STN~06/12/2023 10:45~~
MXP,MLA,2023-06-12T16:05:00,2023-06-12T18:05:00,69.09,EUR,FR5970,FR~5970~ ~~MXP~06/12/2023 16:05~MLA~06/12/2023 18:05~~
MXP,VIE,2023-06-12T15:20:00,2023-06-12T16:50:00,83.97,EUR,FR215,FR~ 215~ ~~MXP~06/12/2023 15:20~VIE~06/12/2023 16:50~~
MXP,MAD,2023-06-12T19:35:00,2023-06-12T21:55:00,140.24,EUR,FR2752,FR~2752~ ~~MXP~06/12/2023 19:35~MAD~06/12/2023 21:55~~
MXP,OPO,2023-06-12T20:50:00,2023-06-12T22:20:00,235.45,EUR,FR4018,FR~4018~ ~~MXP~06/12/2023 20:50~OPO~06/12/2023 22:20~~
MXP,VIE,2023-06-13T14:40:00,2023-06-13T16:10:00,34.02,EUR,FR215,FR~ 215~ ~~MXP~06/13/2023 14:40~VIE~06/13/2023 16:10~~
MXP,MLA,2023-06-13T12:55:00,2023-06-13T14:55:00,38.52,EUR,FR5970,FR~5970~ ~~MXP~06/13/2023 12:55~MLA~06/13/2023 14:55~~
MXP,STN,2023-06-13T05:45:00,2023-06-13T06:45:00,43.74,EUR,FR2756,FR~2756~ ~~MXP~06/13/2023 05:45~STN~06/13/2023 06:45~~
MXP,MAD,2023-06-13T22:30:00,2023-06-14T00:50:00,46.74,EUR,FR2752,FR~2752~ ~~MXP~06/13/2023 22:30~MAD~06/14/2023 00:50~~
MXP,OPO,2023-06-13T18:00:00,2023-06-13T19:35:00,148.99,EUR,FR4018,FR~4018~ ~~MXP~06/13/2023 18:00~OPO~06/13/2023 19:35~~
MXP,BCN,2023-06-13T08:20:00,2023-06-13T10:00:00,378.74,EUR,FR7540,FR~7540~ ~~MXP~06/13/2023 08:20~BCN~06/13/2023 10:00~~
MXP,VIE,2023-06-14T19:55:00,2023-06-14T21:25:00,18.54,EUR,FR215,FR~ 215~ ~~MXP~06/14/2023 19:55~VIE~06/14/2023 21:25~~
MXP,STN,2023-06-14T22:15:00,2023-06-14T23:15:00,28.06,EUR,FR8737,FR~8737~ ~~MXP~06/14/2023 22:15~STN~06/14/2023 23:15~~
MXP,BCN,2023-06-14T15:25:00,2023-06-14T17:05:00,67.52,EUR,FR7540,FR~7540~ ~~MXP~06/14/2023 15:25~BCN~06/14/2023 17:05~~
MXP,OPO,2023-06-14T17:50:00,2023-06-14T19:25:00,90.18,EUR,FR4018,FR~4018~ ~~MXP~06/14/2023 17:50~OPO~06/14/2023 19:25~~
MXP,MAD,2023-06-14T09:50:00,2023-06-14T12:10:00,104.24,EUR,FR2752,FR~2752~ ~~MXP~06/14/2023 09:50~MAD~06/14/2023 12:10~~
MXP,VIE,2023-06-15T16:00:00,2023-06-15T17:30:00,36.45,EUR,FR215,FR~ 215~ ~~MXP~06/15/2023 16:00~VIE~06/15/2023 17:30~~
MXP,BCN,2023-06-15T06:55:00,2023-06-15T08:35:00,46.74,EUR,FR7540,FR~7540~ ~~MXP~06/15/2023 06:55~BCN~06/15/2023 08:35~~
MXP,STN,2023-06-15T11:00:00,2023-06-15T12:00:00,50.49,EUR,FR2756,FR~2756~ ~~MXP~06/15/2023 11:00~STN~06/15/2023 12:00~~
MXP,MLA,2023-06-15T17:25:00,2023-06-15T19:25:00,89.49,EUR,FR5970,FR~5970~ ~~MXP~06/15/2023 17:25~MLA~06/15/2023 19:25~~
MXP,MAD,2023-06-15T06:55:00,2023-06-15T09:15:00,126.82,EUR,FR2752,FR~2752~ ~~MXP~06/15/2023 06:55~MAD~06/15/2023 09:15~~
MXP,VIE,2023-06-16T13:30:00,2023-06-16T15:00:00,38.83,EUR,FR215,FR~ 215~ ~~MXP~06/16/2023 13:30~VIE~06/16/2023 15:00~~
MXP,STN,2023-06-16T09:45:00,2023-06-16T10:45:00,45.12,EUR,FR2756,FR~2756~ ~~MXP~06/16/2023 09:45~STN~06/16/2023 10:45~~
MXP,BCN,2023-06-16T05:45:00,2023-06-16T07:25:00,69.09,EUR,FR7540,FR~7540~ ~~MXP~06/16/2023 05:45~BCN~06/16/2023 07:25~~
MXP,MAD,2023-06-16T09:55:00,2023-06-16T12:15:00,140.24,EUR,FR2752,FR~2752~ ~~MXP~06/16/2023 09:55~MAD~06/16/2023 12:15~~
MXP,OPO,2023-06-16T10:25:00,2023-06-16T12:00:00,167.12,EUR,FR4018,FR~4018~ ~~MXP~06/16/2023 10:25~OPO~06/16/2023 12:00~~
JSI,PRG,2023-06-09T15:45:00,2023-06-09T17:10:00,19.99,EUR,FR9417,FR~9417~ ~~JSI~06/09/2023 15:45~PRG~06/09/2023 17:10~~
JSI,FCO,2023-06-10T16:50:00,2023-06-10T17:40:00,54.41,EUR,FR8999,FR~8999~ ~~JSI~06/10/2023 16:50~FCO~06/10/2023 17:40~~
JSI,VIE,2023-06-11T14:00:00,2023-06-11T15:05:00,94.73,EUR,FR241,FR~ 241~ ~~JSI~06/11/2023 14:00~VIE~06/11/2023 15:05~~
JSI,FCO,2023-06-13T10:15:00,2023-06-13T11:05:00,24.99,EUR,FR8999,FR~8999~ ~~JSI~06/13/2023 10:15~FCO~06/13/2023 11:05~~
JSI,VIE,2023-06-13T14:40:00,2023-06-13T15:45:00,33.74,EUR,FR241,FR~ 241~ ~~JSI~06/13/2023 14:40~VIE~06/13/2023 15:45~~
JSI,PRG,2023-06-13T18:25:00,2023-06-13T19:50:00,48.11,EUR,FR9417,FR~9417~ ~~JSI~06/13/2023 18:25~PRG~06/13/2023 19:50~~
JSI,VIE,2023-06-14T11:20:00,2023-06-14T12:25:00,29.99,EUR,FR241,FR~ 241~ ~~JSI~06/14/2023 11:20~VIE~06/14/2023 12:25~~
JSI,PRG,2023-06-16T15:45:00,2023-06-16T17:10:00,62.94,EUR,FR9417,FR~9417~ ~~JSI~06/16/2023 15:45~PRG~06/16/2023 17:10~~
FCO,PRG,2023-06-09T06:30:00,2023-06-09T08:20:00,24.82,EUR,FR5804,FR~5804~ ~~FCO~06/09/2023 06:30~PRG~06/09/2023 08:20~~
FCO,BCN,2023-06-09T22:00:00,2023-06-09T23:45:00,58.37,EUR,FR6974,FR~6974~ ~~FCO~06/09/2023 22:00~BCN~06/09/2023 23:45~~
FCO,BRU,2023-06-09T08:05:00,2023-06-09T10:15:00,62.7,EUR,FR2984,FR~2984~ ~~FCO~06/09/2023 08:05~BRU~06/09/2023 10:15~~
FCO,VIE,2023-06-09T17:30:00,2023-06-09T19:15:00,84.89,EUR,FR1644,FR~1644~ ~~FCO~06/09/2023 17:30~VIE~06/09/2023 19:15~~
FCO,MAD,2023-06-09T14:50:00,2023-06-09T17:25:00,95.41,EUR,FR9673,FR~9673~ ~~FCO~06/09/2023 14:50~MAD~06/09/2023 17:25~~
FCO,ARN,2023-06-10T10:50:00,2023-06-10T14:00:00,45.32,EUR,FR915,FR~ 915~ ~~FCO~06/10/2023 10:50~ARN~06/10/2023 14:00~~
FCO,TLV,2023-06-10T08:25:00,2023-06-10T12:50:00,58.89,EUR,FR5812,FR~5812~ ~~FCO~06/10/2023 08:25~TLV~06/10/2023 12:50~~
FCO,JSI,2023-06-10T13:35:00,2023-06-10T16:25:00,62.25,EUR,FR8998,FR~8998~ ~~FCO~06/10/2023 13:35~JSI~06/10/2023 16:25~~
FCO,BCN,2023-06-10T18:55:00,2023-06-10T20:40:00,68.85,EUR,FR6986,FR~6986~ ~~FCO~06/10/2023 18:55~BCN~06/10/2023 20:40~~
FCO,VIE,2023-06-10T09:00:00,2023-06-10T10:45:00,73.63,EUR,FR1644,FR~1644~ ~~FCO~06/10/2023 09:00~VIE~06/10/2023 10:45~~
FCO,BRU,2023-06-10T18:15:00,2023-06-10T20:25:00,111.5,EUR,FR3082,FR~3082~ ~~FCO~06/10/2023 18:15~BRU~06/10/2023 20:25~~
FCO,PRG,2023-06-10T20:05:00,2023-06-10T21:55:00,121.88,EUR,FR5804,FR~5804~ ~~FCO~06/10/2023 20:05~PRG~06/10/2023 21:55~~
FCO,MAD,2023-06-10T18:20:00,2023-06-10T20:55:00,147.86,EUR,FR9673,FR~9673~ ~~FCO~06/10/2023 18:20~MAD~06/10/2023 20:55~~
FCO,BCN,2023-06-11T09:00:00,2023-06-11T10:45:00,63.94,EUR,FR3181,FR~3181~ ~~FCO~06/11/2023 09:00~BCN~06/11/2023 10:45~~
FCO,PRG,2023-06-11T12:25:00,2023-06-11T14:15:00,106.25,EUR,FR5804,FR~5804~ ~~FCO~06/11/2023 12:25~PRG~06/11/2023 14:15~~
FCO,BRU,2023-06-11T14:15:00,2023-06-11T16:25:00,172.8,EUR,FR3082,FR~3082~ ~~FCO~06/11/2023 14:15~BRU~06/11/2023 16:25~~
FCO,MAD,2023-06-11T17:25:00,2023-06-11T20:00:00,215.84,EUR,FR9673,FR~9673~ ~~FCO~06/11/2023 17:25~MAD~06/11/2023 20:00~~
FCO,VIE,2023-06-11T18:00:00,2023-06-11T19:45:00,277.35,EUR,FR7178,FR~7178~ ~~FCO~06/11/2023 18:00~VIE~06/11/2023 19:45~~
FCO,TLV,2023-06-12T06:15:00,2023-06-12T10:40:00,51.87,EUR,FR5812,FR~5812~ ~~FCO~06/12/2023 06:15~TLV~06/12/2023 10:40~~
FCO,BRU,2023-06-12T06:45:00,2023-06-12T08:55:00,53.88,EUR,FR2984,FR~2984~ ~~FCO~06/12/2023 06:45~BRU~06/12/2023 08:55~~
FCO,CPH,2023-06-12T16:30:00,2023-06-12T19:05:00,55.0,EUR,FR407,FR~ 407~ ~~FCO~06/12/2023 16:30~CPH~06/12/2023 19:05~~
FCO,BCN,2023-06-12T16:20:00,2023-06-12T18:05:00,78.75,EUR,FR6342,FR~6342~ ~~FCO~06/12/2023 16:20~BCN~06/12/2023 18:05~~
FCO,VIE,2023-06-12T21:20:00,2023-06-12T23:05:00,91.26,EUR,FR7178,FR~7178~ ~~FCO~06/12/2023 21:20~VIE~06/12/2023 23:05~~
FCO,PRG,2023-06-12T16:55:00,2023-06-12T18:45:00,143.49,EUR,FR5804,FR~5804~ ~~FCO~06/12/2023 16:55~PRG~06/12/2023 18:45~~
FCO,MAD,2023-06-12T18:10:00,2023-06-12T20:45:00,186.34,EUR,FR9673,FR~9673~ ~~FCO~06/12/2023 18:10~MAD~06/12/2023 20:45~~
FCO,PRG,2023-06-13T15:35:00,2023-06-13T17:25:00,23.06,EUR,FR8331,FR~8331~ ~~FCO~06/13/2023 15:35~PRG~06/13/2023 17:25~~
FCO,CPH,2023-06-13T06:15:00,2023-06-13T08:50:00,29.0,EUR,FR407,FR~ 407~ ~~FCO~06/13/2023 06:15~CPH~06/13/2023 08:50~~
FCO,TLV,2023-06-13T06:35:00,2023-06-13T11:00:00,48.27,EUR,FR5812,FR~5812~ ~~FCO~06/13/2023 06:35~TLV~06/13/2023 11:00~~
FCO,ARN,2023-06-13T10:50:00,2023-06-13T14:00:00,55.41,EUR,FR915,FR~ 915~ ~~FCO~06/13/2023 10:50~ARN~06/13/2023 14:00~~
FCO,BRU,2023-06-13T16:35:00,2023-06-13T18:45:00,56.43,EUR,FR3082,FR~3082~ ~~FCO~06/13/2023 16:35~BRU~06/13/2023 18:45~~
FCO,VIE,2023-06-13T13:00:00,2023-06-13T14:45:00,60.31,EUR,FR1644,FR~1644~ ~~FCO~06/13/2023 13:00~VIE~06/13/2023 14:45~~
FCO,BCN,2023-06-13T19:50:00,2023-06-13T21:35:00,70.67,EUR,FR6974,FR~6974~ ~~FCO~06/13/2023 19:50~BCN~06/13/2023 21:35~~
FCO,MAD,2023-06-13T16:45:00,2023-06-13T19:20:00,91.14,EUR,FR9673,FR~9673~ ~~FCO~06/13/2023 16:45~MAD~06/13/2023 19:20~~
FCO,JSI,2023-06-13T07:00:00,2023-06-13T09:50:00,106.63,EUR,FR8998,FR~8998~ ~~FCO~06/13/2023 07:00~JSI~06/13/2023 09:50~~
FCO,VIE,2023-06-14T20:15:00,2023-06-14T22:00:00,26.93,EUR,FR7178,FR~7178~ ~~FCO~06/14/2023 20:15~VIE~06/14/2023 22:00~~
FCO,CPH,2023-06-14T05:45:00,2023-06-14T08:20:00,28.0,EUR,FR407,FR~ 407~ ~~FCO~06/14/2023 05:45~CPH~06/14/2023 08:20~~
FCO,BRU,2023-06-14T15:45:00,2023-06-14T17:55:00,41.31,EUR,FR2984,FR~2984~ ~~FCO~06/14/2023 15:45~BRU~06/14/2023 17:55~~
FCO,BCN,2023-06-14T12:10:00,2023-06-14T13:55:00,56.89,EUR,FR6342,FR~6342~ ~~FCO~06/14/2023 12:10~BCN~06/14/2023 13:55~~
FCO,PRG,2023-06-14T10:40:00,2023-06-14T12:30:00,100.27,EUR,FR5804,FR~5804~ ~~FCO~06/14/2023 10:40~PRG~06/14/2023 12:30~~
FCO,MAD,2023-06-14T21:35:00,2023-06-15T00:20:00,122.44,EUR,FR9673,FR~9673~ ~~FCO~06/14/2023 21:35~MAD~06/15/2023 00:20~~
FCO,ARN,2023-06-15T17:35:00,2023-06-15T20:45:00,26.96,EUR,FR915,FR~ 915~ ~~FCO~06/15/2023 17:35~ARN~06/15/2023 20:45~~
FCO,VIE,2023-06-15T21:20:00,2023-06-15T23:05:00,38.09,EUR,FR7178,FR~7178~ ~~FCO~06/15/2023 21:20~VIE~06/15/2023 23:05~~
FCO,BRU,2023-06-15T08:00:00,2023-06-15T10:10:00,39.07,EUR,FR2984,FR~2984~ ~~FCO~06/15/2023 08:00~BRU~06/15/2023 10:10~~
FCO,PRG,2023-06-15T19:30:00,2023-06-15T21:20:00,52.05,EUR,FR5804,FR~5804~ ~~FCO~06/15/2023 19:30~PRG~06/15/2023 21:20~~
FCO,CPH,2023-06-15T12:25:00,2023-06-15T15:00:00,54.0,EUR,FR407,FR~ 407~ ~~FCO~06/15/2023 12:25~CPH~06/15/2023 15:00~~
FCO,BCN,2023-06-15T17:05:00,2023-06-15T18:50:00,62.18,EUR,FR6974,FR~6974~ ~~FCO~06/15/2023 17:05~BCN~06/15/2023 18:50~~
FCO,MAD,2023-06-15T09:45:00,2023-06-15T12:20:00,165.27,EUR,FR9601,FR~9601~ ~~FCO~06/15/2023 09:45~MAD~06/15/2023 12:20~~
FCO,PRG,2023-06-16T06:30:00,2023-06-16T08:20:00,33.82,EUR,FR5804,FR~5804~ ~~FCO~06/16/2023 06:30~PRG~06/16/2023 08:20~~
FCO,BRU,2023-06-16T08:05:00,2023-06-16T10:15:00,43.71,EUR,FR2984,FR~2984~ ~~FCO~06/16/2023 08:05~BRU~06/16/2023 10:15~~
FCO,VIE,2023-06-16T17:30:00,2023-06-16T19:15:00,44.04,EUR,FR1644,FR~1644~ ~~FCO~06/16/2023 17:30~VIE~06/16/2023 19:15~~
FCO,BCN,2023-06-16T17:25:00,2023-06-16T19:10:00,79.73,EUR,FR6342,FR~6342~ ~~FCO~06/16/2023 17:25~BCN~06/16/2023 19:10~~
FCO,MAD,2023-06-16T14:50:00,2023-06-16T17:25:00,174.59,EUR,FR9673,FR~9673~ ~~FCO~06/16/2023 14:50~MAD~06/16/2023 17:25~~
BCN,VIE,2023-06-09T05:45:00,2023-06-09T08:15:00,55.75,EUR,FR7351,FR~7351~ ~~BCN~06/09/2023 05:45~VIE~06/09/2023 08:15~~
BCN,FCO,2023-06-09T06:10:00,2023-06-09T08:00:00,76.28,EUR,FR3180,FR~3180~ ~~BCN~06/09/2023 06:10~FCO~06/09/2023 08:00~~
BCN,PRG,2023-06-09T18:00:00,2023-06-09T20:25:00,76.74,EUR,FR3039,FR~3039~ ~~BCN~06/09/2023 18:00~PRG~06/09/2023 20:25~~
BCN,OPO,2023-06-09T20:35:00,2023-06-09T21:30:00,77.39,EUR,FR4587,FR~4587~ ~~BCN~06/09/2023 20:35~OPO~06/09/2023 21:30~~
BCN,STN,2023-06-09T06:05:00,2023-06-09T07:30:00,78.75,EUR,FR8215,FR~8215~ ~~BCN~06/09/2023 06:05~STN~06/09/2023 07:30~~
BCN,BRU,2023-06-09T06:35:00,2023-06-09T08:50:00,84.55,EUR,FR2918,FR~2918~ ~~BCN~06/09/2023 06:35~BRU~06/09/2023 08:50~~
BCN,MXP,2023-06-09T08:00:00,2023-06-09T09:45:00,103.74,EUR,FR7541,FR~7541~ ~~BCN~06/09/2023 08:00~MXP~06/09/2023 09:45~~
BCN,LIS,2023-06-09T16:25:00,2023-06-09T17:30:00,121.37,EUR,FR3078,FR~3078~ ~~BCN~06/09/2023 16:25~LIS~06/09/2023 17:30~~
BCN,FCO,2023-06-10T06:05:00,2023-06-10T07:55:00,56.34,EUR,FR3180,FR~3180~ ~~BCN~06/10/2023 06:05~FCO~06/10/2023 07:55~~
BCN,MXP,2023-06-10T18:30:00,2023-06-10T20:15:00,57.68,EUR,FR7541,FR~7541~ ~~BCN~06/10/2023 18:30~MXP~06/10/2023 20:15~~
BCN,ARN,2023-06-10T05:45:00,2023-06-10T09:25:00,62.77,EUR,FR3076,FR~3076~ ~~BCN~06/10/2023 05:45~ARN~06/10/2023 09:25~~
BCN,MLA,2023-06-10T19:35:00,2023-06-10T21:45:00,91.05,EUR,FR1527,FR~1527~ ~~BCN~06/10/2023 19:35~MLA~06/10/2023 21:45~~
BCN,OPO,2023-06-10T21:10:00,2023-06-10T22:05:00,96.14,EUR,FR4585,FR~4585~ ~~BCN~06/10/2023 21:10~OPO~06/10/2023 22:05~~
BCN,BRU,2023-06-10T16:20:00,2023-06-10T18:35:00,96.45,EUR,FR2922,FR~2922~ ~~BCN~06/10/2023 16:20~BRU~06/10/2023 18:35~~
BCN,STN,2023-06-10T06:55:00,2023-06-10T08:20:00,142.49,EUR,FR8215,FR~8215~ ~~BCN~06/10/2023 06:55~STN~06/10/2023 08:20~~
BCN,PRG,2023-06-10T09:00:00,2023-06-10T11:25:00,167.99,EUR,FR3039,FR~3039~ ~~BCN~06/10/2023 09:00~PRG~06/10/2023 11:25~~
BCN,VIE,2023-06-10T20:30:00,2023-06-10T23:00:00,182.57,EUR,FR7351,FR~7351~ ~~BCN~06/10/2023 20:30~VIE~06/10/2023 23:00~~
BCN,MXP,2023-06-11T23:05:00,2023-06-12T00:50:00,67.06,EUR,FR269,FR~ 269~ ~~BCN~06/11/2023 23:05~MXP~06/12/2023 00:50~~
BCN,OPO,2023-06-11T08:50:00,2023-06-11T09:45:00,94.72,EUR,FR4545,FR~4545~ ~~BCN~06/11/2023 08:50~OPO~06/11/2023 09:45~~
BCN,FCO,2023-06-11T06:35:00,2023-06-11T08:25:00,105.25,EUR,FR3180,FR~3180~ ~~BCN~06/11/2023 06:35~FCO~06/11/2023 08:25~~
BCN,STN,2023-06-11T06:35:00,2023-06-11T08:00:00,157.82,EUR,FR8215,FR~8215~ ~~BCN~06/11/2023 06:35~STN~06/11/2023 08:00~~
BCN,LIS,2023-06-11T11:10:00,2023-06-11T12:15:00,164.74,EUR,FR3078,FR~3078~ ~~BCN~06/11/2023 11:10~LIS~06/11/2023 12:15~~
BCN,VIE,2023-06-11T10:55:00,2023-06-11T13:25:00,192.15,EUR,FR7351,FR~7351~ ~~BCN~06/11/2023 10:55~VIE~06/11/2023 13:25~~
BCN,BRU,2023-06-11T18:25:00,2023-06-11T20:40:00,195.17,EUR,FR2922,FR~2922~ ~~BCN~06/11/2023 18:25~BRU~06/11/2023 20:40~~
BCN,MLA,2023-06-11T19:50:00,2023-06-11T22:00:00,214.91,EUR,FR1527,FR~1527~ ~~BCN~06/11/2023 19:50~MLA~06/11/2023 22:00~~
BCN,OPO,2023-06-12T15:55:00,2023-06-12T16:50:00,43.24,EUR,FR4585,FR~4585~ ~~BCN~06/12/2023 15:55~OPO~06/12/2023 16:50~~
BCN,MXP,2023-06-12T20:30:00,2023-06-12T22:15:00,80.69,EUR,FR7541,FR~7541~ ~~BCN~06/12/2023 20:30~MXP~06/12/2023 22:15~~
BCN,FCO,2023-06-12T08:55:00,2023-06-12T10:45:00,120.88,EUR,FR3180,FR~3180~ ~~BCN~06/12/2023 08:55~FCO~06/12/2023 10:45~~
BCN,BRU,2023-06-12T18:45:00,2023-06-12T21:00:00,124.75,EUR,FR2922,FR~2922~ ~~BCN~06/12/2023 18:45~BRU~06/12/2023 21:00~~
BCN,VIE,2023-06-12T10:30:00,2023-06-12T13:00:00,134.89,EUR,FR7351,FR~7351~ ~~BCN~06/12/2023 10:30~VIE~06/12/2023 13:00~~
BCN,STN,2023-06-12T10:15:00,2023-06-12T11:40:00,142.75,EUR,FR8231,FR~8231~ ~~BCN~06/12/2023 10:15~STN~06/12/2023 11:40~~
BCN,PRG,2023-06-12T13:10:00,2023-06-12T15:35:00,173.99,EUR,FR3039,FR~3039~ ~~BCN~06/12/2023 13:10~PRG~06/12/2023 15:35~~
BCN,MXP,2023-06-13T06:05:00,2023-06-13T07:50:00,20.09,EUR,FR7541,FR~7541~ ~~BCN~06/13/2023 06:05~MXP~06/13/2023 07:50~~
BCN,OPO,2023-06-13T14:10:00,2023-06-13T15:05:00,36.74,EUR,FR4587,FR~4587~ ~~BCN~06/13/2023 14:10~OPO~06/13/2023 15:05~~
BCN,FCO,2023-06-13T22:10:00,2023-06-13T23:59:00,58.37,EUR,FR6973,FR~6973~ ~~BCN~06/13/2023 22:10~FCO~06/13/2023 23:59~~
BCN,MLA,2023-06-13T06:25:00,2023-06-13T08:35:00,65.91,EUR,FR1527,FR~1527~ ~~BCN~06/13/2023 06:25~MLA~06/13/2023 08:35~~
BCN,PRG,2023-06-13T13:15:00,2023-06-13T15:40:00,69.62,EUR,FR3039,FR~3039~ ~~BCN~06/13/2023 13:15~PRG~06/13/2023 15:40~~
BCN,BRU,2023-06-13T13:10:00,2023-06-13T15:25:00,72.53,EUR,FR2918,FR~2918~ ~~BCN~06/13/2023 13:10~BRU~06/13/2023 15:25~~
BCN,STN,2023-06-13T07:50:00,2023-06-13T09:15:00,85.77,EUR,FR8215,FR~8215~ ~~BCN~06/13/2023 07:50~STN~06/13/2023 09:15~~
BCN,LIS,2023-06-13T16:15:00,2023-06-13T17:20:00,90.49,EUR,FR3078,FR~3078~ ~~BCN~06/13/2023 16:15~LIS~06/13/2023 17:20~~
BCN,VIE,2023-06-13T09:05:00,2023-06-13T11:35:00,116.84,EUR,FR7351,FR~7351~ ~~BCN~06/13/2023 09:05~VIE~06/13/2023 11:35~~
BCN,FCO,2023-06-14T21:30:00,2023-06-14T23:20:00,28.14,EUR,FR6973,FR~6973~ ~~BCN~06/14/2023 21:30~FCO~06/14/2023 23:20~~
BCN,MXP,2023-06-14T13:10:00,2023-06-14T14:55:00,35.12,EUR,FR7541,FR~7541~ ~~BCN~06/14/2023 13:10~MXP~06/14/2023 14:55~~
BCN,ARN,2023-06-14T21:05:00,2023-06-15T00:45:00,48.15,EUR,FR3076,FR~3076~ ~~BCN~06/14/2023 21:05~ARN~06/15/2023 00:45~~
BCN,STN,2023-06-14T10:35:00,2023-06-14T12:00:00,51.17,EUR,FR8231,FR~8231~ ~~BCN~06/14/2023 10:35~STN~06/14/2023 12:00~~
BCN,OPO,2023-06-14T22:30:00,2023-06-14T23:25:00,62.93,EUR,FR4587,FR~4587~ ~~BCN~06/14/2023 22:30~OPO~06/14/2023 23:25~~
BCN,BRU,2023-06-14T12:15:00,2023-06-14T14:30:00,67.64,EUR,FR2918,FR~2918~ ~~BCN~06/14/2023 12:15~BRU~06/14/2023 14:30~~
BCN,VIE,2023-06-14T21:35:00,2023-06-15T00:05:00,67.89,EUR,FR7363,FR~7363~ ~~BCN~06/14/2023 21:35~VIE~06/15/2023 00:05~~
BCN,LIS,2023-06-14T19:15:00,2023-06-14T20:20:00,95.72,EUR,FR3078,FR~3078~ ~~BCN~06/14/2023 19:15~LIS~06/14/2023 20:20~~
BCN,MLA,2023-06-14T17:40:00,2023-06-14T19:50:00,142.49,EUR,FR1527,FR~1527~ ~~BCN~06/14/2023 17:40~MLA~06/14/2023 19:50~~
BCN,OPO,2023-06-15T06:10:00,2023-06-15T07:05:00,27.68,EUR,FR4587,FR~4587~ ~~BCN~06/15/2023 06:10~OPO~06/15/2023 07:05~~
BCN,MXP,2023-06-15T09:10:00,2023-06-15T10:55:00,33.81,EUR,FR7541,FR~7541~ ~~BCN~06/15/2023 09:10~MXP~06/15/2023 10:55~~
BCN,FCO,2023-06-15T12:25:00,2023-06-15T14:15:00,48.78,EUR,FR6341,FR~6341~ ~~BCN~06/15/2023 12:25~FCO~06/15/2023 14:15~~
BCN,VIE,2023-06-15T10:35:00,2023-06-15T13:05:00,66.89,EUR,FR7351,FR~7351~ ~~BCN~06/15/2023 10:35~VIE~06/15/2023 13:05~~
BCN,BRU,2023-06-15T13:20:00,2023-06-15T15:35:00,70.29,EUR,FR2918,FR~2918~ ~~BCN~06/15/2023 13:20~BRU~06/15/2023 15:35~~
BCN,STN,2023-06-15T09:35:00,2023-06-15T11:00:00,91.05,EUR,FR8215,FR~8215~ ~~BCN~06/15/2023 09:35~STN~06/15/2023 11:00~~
BCN,MXP,2023-06-16T08:00:00,2023-06-16T09:45:00,33.81,EUR,FR7541,FR~7541~ ~~BCN~06/16/2023 08:00~MXP~06/16/2023 09:45~~
BCN,FCO,2023-06-16T06:10:00,2023-06-16T08:00:00,46.19,EUR,FR3180,FR~3180~ ~~BCN~06/16/2023 06:10~FCO~06/16/2023 08:00~~
BCN,OPO,2023-06-16T15:20:00,2023-06-16T16:15:00,49.12,EUR,FR4585,FR~4585~ ~~BCN~06/16/2023 15:20~OPO~06/16/2023 16:15~~
BCN,VIE,2023-06-16T05:45:00,2023-06-16T08:15:00,54.89,EUR,FR7351,FR~7351~ ~~BCN~06/16/2023 05:45~VIE~06/16/2023 08:15~~
BCN,STN,2023-06-16T06:05:00,2023-06-16T07:30:00,68.88,EUR,FR8215,FR~8215~ ~~BCN~06/16/2023 06:05~STN~06/16/2023 07:30~~
BCN,BRU,2023-06-16T06:35:00,2023-06-16T08:50:00,80.51,EUR,FR2918,FR~2918~ ~~BCN~06/16/2023 06:35~BRU~06/16/2023 08:50~~
BCN,PRG,2023-06-16T18:00:00,2023-06-16T20:25:00,88.74,EUR,FR3039,FR~3039~ ~~BCN~06/16/2023 18:00~PRG~06/16/2023 20:25~~
BCN,LIS,2023-06-16T16:25:00,2023-06-16T17:30:00,235.45,EUR,FR3078,FR~3078~ ~~BCN~06/16/2023 16:25~LIS~06/16/2023 17:30~~
BRU,FCO,2023-06-09T21:05:00,2023-06-09T23:10:00,83.08,EUR,FR3083,FR~3083~ ~~BRU~06/09/2023 21:05~FCO~06/09/2023 23:10~~
BRU,MAD,2023-06-09T09:00:00,2023-06-09T11:30:00,130.53,EUR,FR2947,FR~2947~ ~~BRU~06/09/2023 09:00~MAD~06/09/2023 11:30~~
BRU,BCN,2023-06-09T09:15:00,2023-06-09T11:20:00,141.29,EUR,FR2917,FR~2917~ ~~BRU~06/09/2023 09:15~BCN~06/09/2023 11:20~~
BRU,OPO,2023-06-09T19:45:00,2023-06-09T21:20:00,152.92,EUR,FR2928,FR~2928~ ~~BRU~06/09/2023 19:45~OPO~06/09/2023 21:20~~
BRU,FCO,2023-06-10T20:55:00,2023-06-10T23:00:00,32.54,EUR,FR3083,FR~3083~ ~~BRU~06/10/2023 20:55~FCO~06/10/2023 23:00~~
BRU,BCN,2023-06-10T19:00:00,2023-06-10T21:05:00,91.88,EUR,FR2921,FR~2921~ ~~BRU~06/10/2023 19:00~BCN~06/10/2023 21:05~~
BRU,MAD,2023-06-10T09:15:00,2023-06-10T11:45:00,97.34,EUR,FR2947,FR~2947~ ~~BRU~06/10/2023 09:15~MAD~06/10/2023 11:45~~
BRU,OPO,2023-06-10T11:10:00,2023-06-10T12:45:00,155.27,EUR,FR2928,FR~2928~ ~~BRU~06/10/2023 11:10~OPO~06/10/2023 12:45~~
BRU,FCO,2023-06-11T16:50:00,2023-06-11T18:55:00,83.64,EUR,FR3083,FR~3083~ ~~BRU~06/11/2023 16:50~FCO~06/11/2023 18:55~~
BRU,BCN,2023-06-11T21:05:00,2023-06-11T23:10:00,111.87,EUR,FR2921,FR~2921~ ~~BRU~06/11/2023 21:05~BCN~06/11/2023 23:10~~
BRU,OPO,2023-06-11T10:45:00,2023-06-11T12:20:00,154.09,EUR,FR2928,FR~2928~ ~~BRU~06/11/2023 10:45~OPO~06/11/2023 12:20~~
BRU,MAD,2023-06-11T20:40:00,2023-06-11T23:10:00,266.69,EUR,FR2947,FR~2947~ ~~BRU~06/11/2023 20:40~MAD~06/11/2023 23:10~~
BRU,FCO,2023-06-12T09:20:00,2023-06-12T11:20:00,40.5,EUR,FR2983,FR~2983~ ~~BRU~06/12/2023 09:20~FCO~06/12/2023 11:20~~
BRU,BCN,2023-06-12T21:25:00,2023-06-12T23:30:00,62.94,EUR,FR2921,FR~2921~ ~~BRU~06/12/2023 21:25~BCN~06/12/2023 23:30~~
BRU,OPO,2023-06-12T10:05:00,2023-06-12T11:30:00,116.69,EUR,FR2928,FR~2928~ ~~BRU~06/12/2023 10:05~OPO~06/12/2023 11:30~~
BRU,FCO,2023-06-13T19:10:00,2023-06-13T21:15:00,37.34,EUR,FR3083,FR~3083~ ~~BRU~06/13/2023 19:10~FCO~06/13/2023 21:15~~
BRU,BCN,2023-06-13T21:25:00,2023-06-13T23:30:00,49.89,EUR,FR2921,FR~2921~ ~~BRU~06/13/2023 21:25~BCN~06/13/2023 23:30~~
BRU,MAD,2023-06-13T13:50:00,2023-06-13T16:20:00,99.99,EUR,FR2947,FR~2947~ ~~BRU~06/13/2023 13:50~MAD~06/13/2023 16:20~~
BRU,OPO,2023-06-13T11:25:00,2023-06-13T13:00:00,122.37,EUR,FR2928,FR~2928~ ~~BRU~06/13/2023 11:25~OPO~06/13/2023 13:00~~
BRU,FCO,2023-06-14T18:35:00,2023-06-14T20:40:00,27.89,EUR,FR2983,FR~2983~ ~~BRU~06/14/2023 18:35~FCO~06/14/2023 20:40~~
BRU,BCN,2023-06-14T18:10:00,2023-06-14T20:15:00,105.69,EUR,FR2921,FR~2921~ ~~BRU~06/14/2023 18:10~BCN~06/14/2023 20:15~~
BRU,MAD,2023-06-14T10:00:00,2023-06-14T12:30:00,121.14,EUR,FR2947,FR~2947~ ~~BRU~06/14/2023 10:00~MAD~06/14/2023 12:30~~
BRU,FCO,2023-06-15T14:00:00,2023-06-15T16:05:00,50.67,EUR,FR3083,FR~3083~ ~~BRU~06/15/2023 14:00~FCO~06/15/2023 16:05~~
BRU,BCN,2023-06-15T16:00:00,2023-06-15T18:05:00,86.72,EUR,FR2917,FR~2917~ ~~BRU~06/15/2023 16:00~BCN~06/15/2023 18:05~~
BRU,MAD,2023-06-15T16:50:00,2023-06-15T19:20:00,129.38,EUR,FR2947,FR~2947~ ~~BRU~06/15/2023 16:50~MAD~06/15/2023 19:20~~
BRU,OPO,2023-06-15T22:10:00,2023-06-15T23:45:00,167.99,EUR,FR2928,FR~2928~ ~~BRU~06/15/2023 22:10~OPO~06/15/2023 23:45~~
BRU,FCO,2023-06-16T10:40:00,2023-06-16T12:45:00,84.55,EUR,FR2983,FR~2983~ ~~BRU~06/16/2023 10:40~FCO~06/16/2023 12:45~~
BRU,BCN,2023-06-16T09:15:00,2023-06-16T11:20:00,107.75,EUR,FR2917,FR~2917~ ~~BRU~06/16/2023 09:15~BCN~06/16/2023 11:20~~
BRU,MAD,2023-06-16T09:00:00,2023-06-16T11:30:00,172.8,EUR,FR2947,FR~2947~ ~~BRU~06/16/2023 09:00~MAD~06/16/2023 11:30~~
BRU,OPO,2023-06-16T19:45:00,2023-06-16T21:20:00,178.49,EUR,FR2928,FR~2928~ ~~BRU~06/16/2023 19:45~OPO~06/16/2023 21:20~~
MLA,BTS,2023-06-09T18:25:00,2023-06-09T20:40:00,39.67,EUR,FR1528,FR~1528~ ~~MLA~06/09/2023 18:25~BTS~06/09/2023 20:40~~
MLA,VIE,2023-06-09T20:00:00,2023-06-09T22:15:00,76.62,EUR,FR1589,FR~1589~ ~~MLA~06/09/2023 20:00~VIE~06/09/2023 22:15~~
MLA,STN,2023-06-09T08:15:00,2023-06-09T10:40:00,87.93,EUR,FR4207,FR~4207~ ~~MLA~06/09/2023 08:15~STN~06/09/2023 10:40~~
MLA,OPO,2023-06-09T21:20:00,2023-06-09T23:40:00,134.59,EUR,FR1509,FR~1509~ ~~MLA~06/09/2023 21:20~OPO~06/09/2023 23:40~~
MLA,BTS,2023-06-10T14:50:00,2023-06-10T17:05:00,36.92,EUR,FR1528,FR~1528~ ~~MLA~06/10/2023 14:50~BTS~06/10/2023 17:05~~
MLA,BCN,2023-06-10T22:15:00,2023-06-11T00:30:00,38.67,EUR,FR1526,FR~1526~ ~~MLA~06/10/2023 22:15~BCN~06/11/2023 00:30~~
MLA,VIE,2023-06-10T12:45:00,2023-06-10T15:00:00,80.69,EUR,FR1589,FR~1589~ ~~MLA~06/10/2023 12:45~VIE~06/10/2023 15:00~~
MLA,STN,2023-06-10T08:00:00,2023-06-10T10:25:00,108.55,EUR,FR8852,FR~8852~ ~~MLA~06/10/2023 08:00~STN~06/10/2023 10:25~~
MLA,MAD,2023-06-10T15:00:00,2023-06-10T17:50:00,141.44,EUR,FR5383,FR~5383~ ~~MLA~06/10/2023 15:00~MAD~06/10/2023 17:50~~
MLA,LIS,2023-06-10T16:15:00,2023-06-10T18:40:00,167.23,EUR,FR9654,FR~9654~ ~~MLA~06/10/2023 16:15~LIS~06/10/2023 18:40~~
MLA,ARN,2023-06-11T10:20:00,2023-06-11T14:15:00,36.63,EUR,FR8923,FR~8923~ ~~MLA~06/11/2023 10:20~ARN~06/11/2023 14:15~~
MLA,MXP,2023-06-11T20:05:00,2023-06-11T22:10:00,70.77,EUR,FR5971,FR~5971~ ~~MLA~06/11/2023 20:05~MXP~06/11/2023 22:10~~
MLA,BCN,2023-06-11T22:25:00,2023-06-12T00:40:00,90.3,EUR,FR1526,FR~1526~ ~~MLA~06/11/2023 22:25~BCN~06/12/2023 00:40~~
MLA,MXP,2023-06-12T18:30:00,2023-06-12T20:35:00,19.99,EUR,FR5971,FR~5971~ ~~MLA~06/12/2023 18:30~MXP~06/12/2023 20:35~~
MLA,BTS,2023-06-12T19:15:00,2023-06-12T21:30:00,29.99,EUR,FR1528,FR~1528~ ~~MLA~06/12/2023 19:15~BTS~06/12/2023 21:30~~
MLA,MAD,2023-06-12T18:05:00,2023-06-12T20:55:00,58.37,EUR,FR5383,FR~5383~ ~~MLA~06/12/2023 18:05~MAD~06/12/2023 20:55~~
MLA,OPO,2023-06-12T11:00:00,2023-06-12T13:20:00,75.99,EUR,FR1509,FR~1509~ ~~MLA~06/12/2023 11:00~OPO~06/12/2023 13:20~~
MLA,VIE,2023-06-12T07:30:00,2023-06-12T09:45:00,129.99,EUR,FR1589,FR~1589~ ~~MLA~06/12/2023 07:30~VIE~06/12/2023 09:45~~
MLA,STN,2023-06-12T20:45:00,2023-06-12T23:10:00,150.05,EUR,FR4207,FR~4207~ ~~MLA~06/12/2023 20:45~STN~06/12/2023 23:10~~
MLA,MXP,2023-06-13T15:20:00,2023-06-13T17:25:00,19.99,EUR,FR5971,FR~5971~ ~~MLA~06/13/2023 15:20~MXP~06/13/2023 17:25~~
MLA,BCN,2023-06-13T09:20:00,2023-06-13T11:35:00,50.55,EUR,FR1526,FR~1526~ ~~MLA~06/13/2023 09:20~BCN~06/13/2023 11:35~~
MLA,MAD,2023-06-13T05:50:00,2023-06-13T08:40:00,51.17,EUR,FR5383,FR~5383~ ~~MLA~06/13/2023 05:50~MAD~06/13/2023 08:40~~
MLA,VIE,2023-06-13T19:35:00,2023-06-13T21:50:00,65.74,EUR,FR1589,FR~1589~ ~~MLA~06/13/2023 19:35~VIE~06/13/2023 21:50~~
MLA,STN,2023-06-13T17:25:00,2023-06-13T19:50:00,94.55,EUR,FR4207,FR~4207~ ~~MLA~06/13/2023 17:25~STN~06/13/2023 19:50~~
MLA,BTS,2023-06-13T21:15:00,2023-06-13T23:30:00,105.4,EUR,FR1528,FR~1528~ ~~MLA~06/13/2023 21:15~BTS~06/13/2023 23:30~~
MLA,ARN,2023-06-14T15:45:00,2023-06-14T19:40:00,34.59,EUR,FR8923,FR~8923~ ~~MLA~06/14/2023 15:45~ARN~06/14/2023 19:40~~
MLA,TLV,2023-06-14T17:30:00,2023-06-14T21:35:00,37.34,EUR,FR761,FR~ 761~ ~~MLA~06/14/2023 17:30~TLV~06/14/2023 21:35~~
MLA,BCN,2023-06-14T20:15:00,2023-06-14T22:30:00,39.94,EUR,FR1526,FR~1526~ ~~MLA~06/14/2023 20:15~BCN~06/14/2023 22:30~~
MLA,OPO,2023-06-14T07:00:00,2023-06-14T09:20:00,59.24,EUR,FR1509,FR~1509~ ~~MLA~06/14/2023 07:00~OPO~06/14/2023 09:20~~
MLA,MAD,2023-06-14T17:40:00,2023-06-14T20:30:00,59.53,EUR,FR5383,FR~5383~ ~~MLA~06/14/2023 17:40~MAD~06/14/2023 20:30~~
MLA,STN,2023-06-14T05:45:00,2023-06-14T08:10:00,60.62,EUR,FR4207,FR~4207~ ~~MLA~06/14/2023 05:45~STN~06/14/2023 08:10~~
MLA,LIS,2023-06-14T17:35:00,2023-06-14T20:00:00,147.86,EUR,FR9654,FR~9654~ ~~MLA~06/14/2023 17:35~LIS~06/14/2023 20:00~~
MLA,MXP,2023-06-15T14:50:00,2023-06-15T16:55:00,33.06,EUR,FR5971,FR~5971~ ~~MLA~06/15/2023 14:50~MXP~06/15/2023 16:55~~
MLA,VIE,2023-06-15T17:15:00,2023-06-15T19:30:00,56.24,EUR,FR1589,FR~1589~ ~~MLA~06/15/2023 17:15~VIE~06/15/2023 19:30~~
MLA,MAD,2023-06-15T09:15:00,2023-06-15T12:05:00,141.37,EUR,FR5383,FR~5383~ ~~MLA~06/15/2023 09:15~MAD~06/15/2023 12:05~~
MLA,STN,2023-06-15T16:45:00,2023-06-15T19:10:00,142.64,EUR,FR4207,FR~4207~ ~~MLA~06/15/2023 16:45~STN~06/15/2023 19:10~~
MLA,VIE,2023-06-16T20:00:00,2023-06-16T22:15:00,59.29,EUR,FR1589,FR~1589~ ~~MLA~06/16/2023 20:00~VIE~06/16/2023 22:15~~
MLA,BTS,2023-06-16T18:25:00,2023-06-16T20:40:00,68.85,EUR,FR1528,FR~1528~ ~~MLA~06/16/2023 18:25~BTS~06/16/2023 20:40~~
MLA,MAD,2023-06-16T09:10:00,2023-06-16T12:00:00,79.45,EUR,FR5383,FR~5383~ ~~MLA~06/16/2023 09:10~MAD~06/16/2023 12:00~~
MLA,OPO,2023-06-16T21:20:00,2023-06-16T23:40:00,132.54,EUR,FR1509,FR~1509~ ~~MLA~06/16/2023 21:20~OPO~06/16/2023 23:40~~
MLA,STN,2023-06-16T08:15:00,2023-06-16T10:40:00,194.38,EUR,FR4207,FR~4207~ ~~MLA~06/16/2023 08:15~STN~06/16/2023 10:40~~
OSL,STN,2023-06-09T16:35:00,2023-06-09T17:40:00,1950.66,NOK,RK1395,RK~1395~ ~~OSL~06/09/2023 16:35~STN~06/09/2023 17:40~~
OSL,STN,2023-06-10T18:30:00,2023-06-10T19:35:00,414.47,NOK,RK1393,RK~1393~ ~~OSL~06/10/2023 18:30~STN~06/10/2023 19:35~~
OSL,STN,2023-06-11T23:45:00,2023-06-12T00:50:00,668.07,NOK,RK1393,RK~1393~ ~~OSL~06/11/2023 23:45~STN~06/12/2023 00:50~~
OSL,STN,2023-06-12T09:25:00,2023-06-12T10:30:00,386.32,NOK,RK1393,RK~1393~ ~~OSL~06/12/2023 09:25~STN~06/12/2023 10:30~~
OSL,STN,2023-06-13T18:40:00,2023-06-13T19:45:00,186.44,NOK,RK1393,RK~1393~ ~~OSL~06/13/2023 18:40~STN~06/13/2023 19:45~~
OSL,STN,2023-06-14T09:40:00,2023-06-14T10:45:00,227.72,NOK,RK1393,RK~1393~ ~~OSL~06/14/2023 09:40~STN~06/14/2023 10:45~~
OSL,STN,2023-06-15T22:45:00,2023-06-15T23:50:00,807.37,NOK,RK1393,RK~1393~ ~~OSL~06/15/2023 22:45~STN~06/15/2023 23:50~~
OSL,STN,2023-06-16T10:15:00,2023-06-16T11:20:00,922.21,NOK,RK1393,RK~1393~ ~~OSL~06/16/2023 10:15~STN~06/16/2023 11:20~~
ARN,VIE,2023-06-09T10:10:00,2023-06-09T12:25:00,1939.23,SEK,FR756,FR~ 756~ ~~ARN~06/09/2023 10:10~VIE~06/09/2023 12:25~~
ARN,STN,2023-06-09T14:00:00,2023-06-09T15:25:00,2693.86,SEK,FR4692,FR~4692~ ~~ARN~06/09/2023 14:00~STN~06/09/2023 15:25~~
ARN,VIE,2023-06-10T19:20:00,2023-06-10T21:35:00,1046.41,SEK,FR756,FR~ 756~ ~~ARN~06/10/2023 19:20~VIE~06/10/2023 21:35~~
ARN,FCO,2023-06-10T07:05:00,2023-06-10T10:15:00,1076.79,SEK,FR914,FR~ 914~ ~~ARN~06/10/2023 07:05~FCO~06/10/2023 10:15~~
ARN,BCN,2023-06-10T10:00:00,2023-06-10T13:30:00,1372.39,SEK,FR3077,FR~3077~ ~~ARN~06/10/2023 10:00~BCN~06/10/2023 13:30~~
ARN,STN,2023-06-10T15:05:00,2023-06-10T16:30:00,2325.75,SEK,FR4692,FR~4692~ ~~ARN~06/10/2023 15:05~STN~06/10/2023 16:30~~
ARN,MLA,2023-06-11T05:55:00,2023-06-11T09:50:00,611.09,SEK,FR8922,FR~8922~ ~~ARN~06/11/2023 05:55~MLA~06/11/2023 09:50~~
ARN,OPO,2023-06-11T15:05:00,2023-06-11T18:10:00,1223.52,SEK,FR316,FR~ 316~ ~~ARN~06/11/2023 15:05~OPO~06/11/2023 18:10~~
ARN,VIE,2023-06-11T09:20:00,2023-06-11T11:35:00,2743.69,SEK,FR756,FR~ 756~ ~~ARN~06/11/2023 09:20~VIE~06/11/2023 11:35~~
ARN,STN,2023-06-11T10:50:00,2023-06-11T12:15:00,3041.84,SEK,FR4692,FR~4692~ ~~ARN~06/11/2023 10:50~STN~06/11/2023 12:15~~
ARN,VIE,2023-06-12T08:35:00,2023-06-12T10:50:00,679.39,SEK,FR756,FR~ 756~ ~~ARN~06/12/2023 08:35~VIE~06/12/2023 10:50~~
ARN,STN,2023-06-12T07:10:00,2023-06-12T08:35:00,912.6,SEK,FR4692,FR~4692~ ~~ARN~06/12/2023 07:10~STN~06/12/2023 08:35~~
ARN,VIE,2023-06-13T20:45:00,2023-06-13T23:00:00,366.78,SEK,FR756,FR~ 756~ ~~ARN~06/13/2023 20:45~VIE~06/13/2023 23:00~~
ARN,STN,2023-06-13T23:05:00,2023-06-14T00:30:00,823.72,SEK,FR4718,FR~4718~ ~~ARN~06/13/2023 23:05~STN~06/14/2023 00:30~~
ARN,FCO,2023-06-13T07:05:00,2023-06-13T10:15:00,824.03,SEK,FR914,FR~ 914~ ~~ARN~06/13/2023 07:05~FCO~06/13/2023 10:15~~
ARN,OPO,2023-06-14T06:20:00,2023-06-14T09:25:00,643.35,SEK,FR316,FR~ 316~ ~~ARN~06/14/2023 06:20~OPO~06/14/2023 09:25~~
ARN,STN,2023-06-14T19:35:00,2023-06-14T21:00:00,868.89,SEK,FR4718,FR~4718~ ~~ARN~06/14/2023 19:35~STN~06/14/2023 21:00~~
ARN,MLA,2023-06-14T20:10:00,2023-06-15T00:05:00,891.43,SEK,FR8922,FR~8922~ ~~ARN~06/14/2023 20:10~MLA~06/15/2023 00:05~~
ARN,BCN,2023-06-14T17:00:00,2023-06-14T20:30:00,1063.82,SEK,FR3077,FR~3077~ ~~ARN~06/14/2023 17:00~BCN~06/14/2023 20:30~~
ARN,VIE,2023-06-14T08:45:00,2023-06-14T11:00:00,1502.5,SEK,FR756,FR~ 756~ ~~ARN~06/14/2023 08:45~VIE~06/14/2023 11:00~~
ARN,FCO,2023-06-15T13:50:00,2023-06-15T17:00:00,666.38,SEK,FR914,FR~ 914~ ~~ARN~06/15/2023 13:50~FCO~06/15/2023 17:00~~
ARN,VIE,2023-06-15T17:30:00,2023-06-15T19:45:00,1678.1,SEK,FR756,FR~ 756~ ~~ARN~06/15/2023 17:30~VIE~06/15/2023 19:45~~
ARN,STN,2023-06-15T06:55:00,2023-06-15T08:20:00,1906.82,SEK,FR4692,FR~4692~ ~~ARN~06/15/2023 06:55~STN~06/15/2023 08:20~~
ARN,STN,2023-06-16T14:00:00,2023-06-16T15:25:00,1491.89,SEK,FR4692,FR~4692~ ~~ARN~06/16/2023 14:00~STN~06/16/2023 15:25~~
ARN,VIE,2023-06-16T10:10:00,2023-06-16T12:25:00,1501.35,SEK,FR756,FR~ 756~ ~~ARN~06/16/2023 10:10~VIE~06/16/2023 12:25~~
LIS,STN,2023-06-09T20:40:00,2023-06-09T23:25:00,123.99,EUR,FR1887,FR~1887~ ~~LIS~06/09/2023 20:40~STN~06/09/2023 23:25~~
LIS,BCN,2023-06-09T17:55:00,2023-06-09T20:45:00,151.24,EUR,FR3079,FR~3079~ ~~LIS~06/09/2023 17:55~BCN~06/09/2023 20:45~~
LIS,VIE,2023-06-09T18:00:00,2023-06-09T22:30:00,167.99,EUR,FR4166,FR~4166~ ~~LIS~06/09/2023 18:00~VIE~06/09/2023 22:30~~
LIS,STN,2023-06-10T21:15:00,2023-06-10T23:59:00,110.69,EUR,FR1885,FR~1885~ ~~LIS~06/10/2023 21:15~STN~06/10/2023 23:59~~
LIS,VIE,2023-06-10T20:05:00,2023-06-11T00:35:00,152.92,EUR,FR4166,FR~4166~ ~~LIS~06/10/2023 20:05~VIE~06/11/2023 00:35~~
LIS,MLA,2023-06-10T19:35:00,2023-06-10T23:50:00,226.47,EUR,FR9655,FR~9655~ ~~LIS~06/10/2023 19:35~MLA~06/10/2023 23:50~~
LIS,BCN,2023-06-11T12:40:00,2023-06-11T15:30:00,92.39,EUR,FR3079,FR~3079~ ~~LIS~06/11/2023 12:40~BCN~06/11/2023 15:30~~
LIS,STN,2023-06-11T06:10:00,2023-06-11T08:55:00,150.24,EUR,FR1081,FR~1081~ ~~LIS~06/11/2023 06:10~STN~06/11/2023 08:55~~
LIS,VIE,2023-06-11T20:00:00,2023-06-12T00:30:00,351.06,EUR,FR4166,FR~4166~ ~~LIS~06/11/2023 20:00~VIE~06/12/2023 00:30~~
LIS,STN,2023-06-12T21:00:00,2023-06-12T23:45:00,127.74,EUR,FR1887,FR~1887~ ~~LIS~06/12/2023 21:00~STN~06/12/2023 23:45~~
LIS,VIE,2023-06-12T19:05:00,2023-06-12T23:40:00,167.99,EUR,FR4166,FR~4166~ ~~LIS~06/12/2023 19:05~VIE~06/12/2023 23:40~~
LIS,BCN,2023-06-13T17:45:00,2023-06-13T20:35:00,71.77,EUR,FR3079,FR~3079~ ~~LIS~06/13/2023 17:45~BCN~06/13/2023 20:35~~
LIS,STN,2023-06-13T18:25:00,2023-06-13T21:10:00,89.49,EUR,FR1883,FR~1883~ ~~LIS~06/13/2023 18:25~STN~06/13/2023 21:10~~
LIS,VIE,2023-06-13T11:25:00,2023-06-13T15:55:00,93.74,EUR,FR4166,FR~4166~ ~~LIS~06/13/2023 11:25~VIE~06/13/2023 15:55~~
LIS,BCN,2023-06-14T20:45:00,2023-06-14T23:35:00,45.22,EUR,FR3079,FR~3079~ ~~LIS~06/14/2023 20:45~BCN~06/14/2023 23:35~~
LIS,STN,2023-06-14T07:35:00,2023-06-14T10:20:00,89.49,EUR,FR1081,FR~1081~ ~~LIS~06/14/2023 07:35~STN~06/14/2023 10:20~~
LIS,VIE,2023-06-14T09:40:00,2023-06-14T14:10:00,127.24,EUR,FR4166,FR~4166~ ~~LIS~06/14/2023 09:40~VIE~06/14/2023 14:10~~
LIS,MLA,2023-06-14T20:25:00,2023-06-15T00:40:00,198.1,EUR,FR9655,FR~9655~ ~~LIS~06/14/2023 20:25~MLA~06/15/2023 00:40~~
LIS,STN,2023-06-15T16:10:00,2023-06-15T18:55:00,64.74,EUR,FR1081,FR~1081~ ~~LIS~06/15/2023 16:10~STN~06/15/2023 18:55~~
LIS,VIE,2023-06-15T09:15:00,2023-06-15T13:45:00,155.27,EUR,FR4166,FR~4166~ ~~LIS~06/15/2023 09:15~VIE~06/15/2023 13:45~~
LIS,STN,2023-06-16T10:40:00,2023-06-16T13:25:00,79.97,EUR,FR1081,FR~1081~ ~~LIS~06/16/2023 10:40~STN~06/16/2023 13:25~~
LIS,VIE,2023-06-16T18:00:00,2023-06-16T22:30:00,109.49,EUR,FR4166,FR~4166~ ~~LIS~06/16/2023 18:00~VIE~06/16/2023 22:30~~
LIS,BCN,2023-06-16T17:55:00,2023-06-16T20:45:00,110.39,EUR,FR3079,FR~3079~ ~~LIS~06/16/2023 17:55~BCN~06/16/2023 20:45~~
OPO,MAD,2023-06-09T20:30:00,2023-06-09T22:45:00,34.66,EUR,FR5485,FR~5485~ ~~OPO~06/09/2023 20:30~MAD~06/09/2023 22:45~~
OPO,STN,2023-06-09T06:30:00,2023-06-09T08:55:00,55.87,EUR,FR1262,FR~1262~ ~~OPO~06/09/2023 06:30~STN~06/09/2023 08:55~~
OPO,BCN,2023-06-09T21:55:00,2023-06-10T00:35:00,57.68,EUR,FR4586,FR~4586~ ~~OPO~06/09/2023 21:55~BCN~06/10/2023 00:35~~
OPO,BRU,2023-06-09T15:55:00,2023-06-09T19:20:00,96.99,EUR,FR2929,FR~2929~ ~~OPO~06/09/2023 15:55~BRU~06/09/2023 19:20~~
OPO,MXP,2023-06-09T06:30:00,2023-06-09T09:55:00,123.99,EUR,FR4017,FR~4017~ ~~OPO~06/09/2023 06:30~MXP~06/09/2023 09:55~~
OPO,MLA,2023-06-09T16:50:00,2023-06-09T20:55:00,271.09,EUR,FR1510,FR~1510~ ~~OPO~06/09/2023 16:50~MLA~06/09/2023 20:55~~
OPO,MAD,2023-06-10T07:35:00,2023-06-10T09:50:00,27.75,EUR,FR573,FR~ 573~ ~~OPO~06/10/2023 07:35~MAD~06/10/2023 09:50~~
OPO,BCN,2023-06-10T12:50:00,2023-06-10T15:35:00,43.34,EUR,FR4546,FR~4546~ ~~OPO~06/10/2023 12:50~BCN~06/10/2023 15:35~~
OPO,BRU,2023-06-10T07:20:00,2023-06-10T10:45:00,76.74,EUR,FR2929,FR~2929~ ~~OPO~06/10/2023 07:20~BRU~06/10/2023 10:45~~
OPO,STN,2023-06-10T21:50:00,2023-06-11T00:15:00,87.79,EUR,FR7699,FR~7699~ ~~OPO~06/10/2023 21:50~STN~06/11/2023 00:15~~
OPO,CPH,2023-06-10T15:55:00,2023-06-10T20:15:00,95.17,EUR,FR8898,FR~8898~ ~~OPO~06/10/2023 15:55~CPH~06/10/2023 20:15~~
OPO,VIE,2023-06-10T18:25:00,2023-06-10T22:35:00,126.24,EUR,FR752,FR~ 752~ ~~OPO~06/10/2023 18:25~VIE~06/10/2023 22:35~~
OPO,MXP,2023-06-10T10:50:00,2023-06-10T14:15:00,173.19,EUR,FR4017,FR~4017~ ~~OPO~06/10/2023 10:50~MXP~06/10/2023 14:15~~
OPO,MAD,2023-06-11T07:00:00,2023-06-11T09:15:00,46.02,EUR,FR573,FR~ 573~ ~~OPO~06/11/2023 07:00~MAD~06/11/2023 09:15~~
OPO,ARN,2023-06-11T18:45:00,2023-06-11T23:40:00,59.55,EUR,FR317,FR~ 317~ ~~OPO~06/11/2023 18:45~ARN~06/11/2023 23:40~~
OPO,BCN,2023-06-11T10:35:00,2023-06-11T13:20:00,77.39,EUR,FR4546,FR~4546~ ~~OPO~06/11/2023 10:35~BCN~06/11/2023 13:20~~
OPO,BRU,2023-06-11T06:55:00,2023-06-11T10:20:00,97.79,EUR,FR2929,FR~2929~ ~~OPO~06/11/2023 06:55~BRU~06/11/2023 10:20~~
OPO,VIE,2023-06-11T19:45:00,2023-06-11T23:55:00,153.99,EUR,FR752,FR~ 752~ ~~OPO~06/11/2023 19:45~VIE~06/11/2023 23:55~~
OPO,STN,2023-06-11T21:45:00,2023-06-12T00:10:00,154.09,EUR,FR7699,FR~7699~ ~~OPO~06/11/2023 21:45~STN~06/12/2023 00:10~~
OPO,BCN,2023-06-12T22:05:00,2023-06-13T00:50:00,24.64,EUR,FR4586,FR~4586~ ~~OPO~06/12/2023 22:05~BCN~06/13/2023 00:50~~
OPO,MAD,2023-06-12T06:50:00,2023-06-12T09:05:00,35.03,EUR,FR573,FR~ 573~ ~~OPO~06/12/2023 06:50~MAD~06/12/2023 09:05~~
OPO,STN,2023-06-12T06:35:00,2023-06-12T09:00:00,71.49,EUR,FR1262,FR~1262~ ~~OPO~06/12/2023 06:35~STN~06/12/2023 09:00~~
OPO,MXP,2023-06-12T17:00:00,2023-06-12T20:25:00,123.06,EUR,FR4017,FR~4017~ ~~OPO~06/12/2023 17:00~MXP~06/12/2023 20:25~~
OPO,BRU,2023-06-12T06:10:00,2023-06-12T09:40:00,132.54,EUR,FR2929,FR~2929~ ~~OPO~06/12/2023 06:10~BRU~06/12/2023 09:40~~
OPO,VIE,2023-06-12T09:30:00,2023-06-12T13:40:00,171.49,EUR,FR752,FR~ 752~ ~~OPO~06/12/2023 09:30~VIE~06/12/2023 13:40~~
OPO,MLA,2023-06-12T06:15:00,2023-06-12T10:20:00,176.4,EUR,FR1510,FR~1510~ ~~OPO~06/12/2023 06:15~MLA~06/12/2023 10:20~~
OPO,MAD,2023-06-13T21:35:00,2023-06-13T23:50:00,15.49,EUR,FR5483,FR~5483~ ~~OPO~06/13/2023 21:35~MAD~06/13/2023 23:50~~
OPO,BCN,2023-06-13T07:00:00,2023-06-13T09:45:00,27.68,EUR,FR4546,FR~4546~ ~~OPO~06/13/2023 07:00~BCN~06/13/2023 09:45~~
OPO,MXP,2023-06-13T14:05:00,2023-06-13T17:30:00,53.56,EUR,FR4017,FR~4017~ ~~OPO~06/13/2023 14:05~MXP~06/13/2023 17:30~~
OPO,STN,2023-06-13T13:00:00,2023-06-13T15:25:00,53.99,EUR,FR1276,FR~1276~ ~~OPO~06/13/2023 13:00~STN~06/13/2023 15:25~~
OPO,BRU,2023-06-13T07:10:00,2023-06-13T10:35:00,82.99,EUR,FR2929,FR~2929~ ~~OPO~06/13/2023 07:10~BRU~06/13/2023 10:35~~
OPO,VIE,2023-06-13T09:50:00,2023-06-13T14:00:00,86.99,EUR,FR752,FR~ 752~ ~~OPO~06/13/2023 09:50~VIE~06/13/2023 14:00~~
OPO,MAD,2023-06-14T14:20:00,2023-06-14T16:35:00,15.49,EUR,FR573,FR~ 573~ ~~OPO~06/14/2023 14:20~MAD~06/14/2023 16:35~~
OPO,BCN,2023-06-14T07:15:00,2023-06-14T10:00:00,26.62,EUR,FR4546,FR~4546~ ~~OPO~06/14/2023 07:15~BCN~06/14/2023 10:00~~
OPO,STN,2023-06-14T07:10:00,2023-06-14T09:35:00,28.19,EUR,FR1262,FR~1262~ ~~OPO~06/14/2023 07:10~STN~06/14/2023 09:35~~
OPO,CPH,2023-06-14T12:30:00,2023-06-14T16:50:00,31.94,EUR,FR8898,FR~8898~ ~~OPO~06/14/2023 12:30~CPH~06/14/2023 16:50~~
OPO,ARN,2023-06-14T09:50:00,2023-06-14T14:45:00,32.74,EUR,FR317,FR~ 317~ ~~OPO~06/14/2023 09:50~ARN~06/14/2023 14:45~~
OPO,MLA,2023-06-14T09:45:00,2023-06-14T13:50:00,71.49,EUR,FR1510,FR~1510~ ~~OPO~06/14/2023 09:45~MLA~06/14/2023 13:50~~
OPO,MXP,2023-06-14T19:50:00,2023-06-14T23:15:00,81.42,EUR,FR4017,FR~4017~ ~~OPO~06/14/2023 19:50~MXP~06/14/2023 23:15~~
OPO,VIE,2023-06-14T10:10:00,2023-06-14T14:20:00,87.99,EUR,FR752,FR~ 752~ ~~OPO~06/14/2023 10:10~VIE~06/14/2023 14:20~~
OPO,MAD,2023-06-15T20:05:00,2023-06-15T22:20:00,15.49,EUR,FR5483,FR~5483~ ~~OPO~06/15/2023 20:05~MAD~06/15/2023 22:20~~
OPO,STN,2023-06-15T06:10:00,2023-06-15T08:35:00,30.59,EUR,FR1262,FR~1262~ ~~OPO~06/15/2023 06:10~STN~06/15/2023 08:35~~
OPO,BCN,2023-06-15T08:40:00,2023-06-15T11:25:00,45.18,EUR,FR4586,FR~4586~ ~~OPO~06/15/2023 08:40~BCN~06/15/2023 11:25~~
OPO,BRU,2023-06-15T18:20:00,2023-06-15T21:45:00,96.99,EUR,FR2929,FR~2929~ ~~OPO~06/15/2023 18:20~BRU~06/15/2023 21:45~~
OPO,MAD,2023-06-16T06:20:00,2023-06-16T08:35:00,17.24,EUR,FR573,FR~ 573~ ~~OPO~06/16/2023 06:20~MAD~06/16/2023 08:35~~
OPO,BCN,2023-06-16T06:35:00,2023-06-16T09:20:00,49.77,EUR,FR4546,FR~4546~ ~~OPO~06/16/2023 06:35~BCN~06/16/2023 09:20~~
OPO,STN,2023-06-16T06:30:00,2023-06-16T08:55:00,55.12,EUR,FR1262,FR~1262~ ~~OPO~06/16/2023 06:30~STN~06/16/2023 08:55~~
OPO,MXP,2023-06-16T06:30:00,2023-06-16T09:55:00,56.59,EUR,FR4017,FR~4017~ ~~OPO~06/16/2023 06:30~MXP~06/16/2023 09:55~~
OPO,BRU,2023-06-16T15:55:00,2023-06-16T19:20:00,71.49,EUR,FR2929,FR~2929~ ~~OPO~06/16/2023 15:55~BRU~06/16/2023 19:20~~
OPO,MLA,2023-06-16T16:50:00,2023-06-16T20:55:00,116.79,EUR,FR1510,FR~1510~ ~~OPO~06/16/2023 16:50~MLA~06/16/2023 20:55~~
CPH,STN,2023-06-09T23:15:00,2023-06-10T00:10:00,459.55,DKK,FR7381,FR~7381~ ~~CPH~06/09/2023 23:15~STN~06/10/2023 00:10~~
CPH,VIE,2023-06-09T13:30:00,2023-06-09T15:15:00,488.51,DKK,FR9888,FR~9888~ ~~CPH~06/09/2023 13:30~VIE~06/09/2023 15:15~~
CPH,STN,2023-06-10T22:05:00,2023-06-10T23:00:00,443.9,DKK,FR7381,FR~7381~ ~~CPH~06/10/2023 22:05~STN~06/10/2023 23:00~~
CPH,MAD,2023-06-10T17:10:00,2023-06-10T20:30:00,552.16,DKK,FR606,FR~ 606~ ~~CPH~06/10/2023 17:10~MAD~06/10/2023 20:30~~
CPH,VIE,2023-06-10T21:15:00,2023-06-10T23:00:00,751.07,DKK,FR9888,FR~9888~ ~~CPH~06/10/2023 21:15~VIE~06/10/2023 23:00~~
CPH,OPO,2023-06-10T20:50:00,2023-06-10T23:20:00,808.84,DKK,FR8899,FR~8899~ ~~CPH~06/10/2023 20:50~OPO~06/10/2023 23:20~~
CPH,VIE,2023-06-11T09:10:00,2023-06-11T10:55:00,977.22,DKK,FR9888,FR~9888~ ~~CPH~06/11/2023 09:10~VIE~06/11/2023 10:55~~
CPH,STN,2023-06-11T23:20:00,2023-06-12T00:15:00,1898.1,DKK,RK7383,RK~7383~ ~~CPH~06/11/2023 23:20~STN~06/12/2023 00:15~~
CPH,PRG,2023-06-12T07:55:00,2023-06-12T09:15:00,391.13,DKK,FR7953,FR~7953~ ~~CPH~06/12/2023 07:55~PRG~06/12/2023 09:15~~
CPH,FCO,2023-06-12T19:30:00,2023-06-12T22:05:00,395.65,DKK,FR406,FR~ 406~ ~~CPH~06/12/2023 19:30~FCO~06/12/2023 22:05~~
CPH,VIE,2023-06-12T12:35:00,2023-06-12T14:20:00,488.51,DKK,FR9888,FR~9888~ ~~CPH~06/12/2023 12:35~VIE~06/12/2023 14:20~~
CPH,STN,2023-06-12T09:50:00,2023-06-12T10:45:00,682.4,DKK,FR7381,FR~7381~ ~~CPH~06/12/2023 09:50~STN~06/12/2023 10:45~~
CPH,PRG,2023-06-13T21:55:00,2023-06-13T23:15:00,186.62,DKK,FR7953,FR~7953~ ~~CPH~06/13/2023 21:55~PRG~06/13/2023 23:15~~
CPH,VIE,2023-06-13T18:10:00,2023-06-13T19:55:00,224.1,DKK,FR9888,FR~9888~ ~~CPH~06/13/2023 18:10~VIE~06/13/2023 19:55~~
CPH,STN,2023-06-13T22:05:00,2023-06-13T23:00:00,287.83,DKK,FR7383,FR~7383~ ~~CPH~06/13/2023 22:05~STN~06/13/2023 23:00~~
CPH,MAD,2023-06-13T10:10:00,2023-06-13T13:30:00,309.59,DKK,FR606,FR~ 606~ ~~CPH~06/13/2023 10:10~MAD~06/13/2023 13:30~~
CPH,FCO,2023-06-13T09:20:00,2023-06-13T11:55:00,507.37,DKK,FR406,FR~ 406~ ~~CPH~06/13/2023 09:20~FCO~06/13/2023 11:55~~
CPH,VIE,2023-06-14T13:35:00,2023-06-14T15:20:00,195.15,DKK,FR9888,FR~9888~ ~~CPH~06/14/2023 13:35~VIE~06/14/2023 15:20~~
CPH,STN,2023-06-14T22:20:00,2023-06-14T23:15:00,316.73,DKK,FR7383,FR~7383~ ~~CPH~06/14/2023 22:20~STN~06/14/2023 23:15~~
CPH,PRG,2023-06-14T17:50:00,2023-06-14T19:10:00,349.12,DKK,FR7953,FR~7953~ ~~CPH~06/14/2023 17:50~PRG~06/14/2023 19:10~~
CPH,FCO,2023-06-14T08:50:00,2023-06-14T11:25:00,514.82,DKK,FR406,FR~ 406~ ~~CPH~06/14/2023 08:50~FCO~06/14/2023 11:25~~
CPH,OPO,2023-06-14T17:15:00,2023-06-14T19:45:00,713.1,DKK,FR8899,FR~8899~ ~~CPH~06/14/2023 17:15~OPO~06/14/2023 19:45~~
CPH,VIE,2023-06-15T09:25:00,2023-06-15T11:10:00,309.13,DKK,FR9888,FR~9888~ ~~CPH~06/15/2023 09:25~VIE~06/15/2023 11:10~~
CPH,PRG,2023-06-15T17:20:00,2023-06-15T18:40:00,349.12,DKK,FR7953,FR~7953~ ~~CPH~06/15/2023 17:20~PRG~06/15/2023 18:40~~
CPH,STN,2023-06-15T09:10:00,2023-06-15T10:05:00,418.73,DKK,FR2619,FR~2619~ ~~CPH~06/15/2023 09:10~STN~06/15/2023 10:05~~
CPH,MAD,2023-06-15T21:10:00,2023-06-16T00:30:00,480.52,DKK,FR606,FR~ 606~ ~~CPH~06/15/2023 21:10~MAD~06/16/2023 00:30~~
CPH,FCO,2023-06-15T15:30:00,2023-06-15T18:05:00,715.9,DKK,FR406,FR~ 406~ ~~CPH~06/15/2023 15:30~FCO~06/15/2023 18:05~~
CPH,STN,2023-06-16T23:15:00,2023-06-17T00:10:00,459.55,DKK,FR7381,FR~7381~ ~~CPH~06/16/2023 23:15~STN~06/17/2023 00:10~~
CPH,VIE,2023-06-16T13:30:00,2023-06-16T15:15:00,715.99,DKK,FR9888,FR~9888~ ~~CPH~06/16/2023 13:30~VIE~06/16/2023 15:15~~
MAD,OPO,2023-06-09T23:25:00,2023-06-09T23:40:00,39.39,EUR,FR5484,FR~5484~ ~~MAD~06/09/2023 23:25~OPO~06/09/2023 23:40~~
MAD,BRU,2023-06-09T06:10:00,2023-06-09T08:30:00,95.41,EUR,FR2948,FR~2948~ ~~MAD~06/09/2023 06:10~BRU~06/09/2023 08:30~~
MAD,STN,2023-06-09T13:55:00,2023-06-09T15:20:00,123.99,EUR,FR2629,FR~2629~ ~~MAD~06/09/2023 13:55~STN~06/09/2023 15:20~~
MAD,FCO,2023-06-09T06:55:00,2023-06-09T09:20:00,129.38,EUR,FR9602,FR~9602~ ~~MAD~06/09/2023 06:55~FCO~06/09/2023 09:20~~
MAD,MXP,2023-06-09T07:15:00,2023-06-09T09:25:00,140.24,EUR,FR2753,FR~2753~ ~~MAD~06/09/2023 07:15~MXP~06/09/2023 09:25~~
MAD,CPH,2023-06-10T13:25:00,2023-06-10T16:40:00,35.77,EUR,FR607,FR~ 607~ ~~MAD~06/10/2023 13:25~CPH~06/10/2023 16:40~~
MAD,OPO,2023-06-10T06:55:00,2023-06-10T07:10:00,48.76,EUR,FR572,FR~ 572~ ~~MAD~06/10/2023 06:55~OPO~06/10/2023 07:10~~
MAD,BRU,2023-06-10T06:30:00,2023-06-10T08:50:00,84.55,EUR,FR2948,FR~2948~ ~~MAD~06/10/2023 06:30~BRU~06/10/2023 08:50~~
MAD,MXP,2023-06-10T09:30:00,2023-06-10T11:40:00,127.74,EUR,FR2753,FR~2753~ ~~MAD~06/10/2023 09:30~MXP~06/10/2023 11:40~~
MAD,STN,2023-06-10T06:40:00,2023-06-10T08:05:00,127.89,EUR,FR2629,FR~2629~ ~~MAD~06/10/2023 06:40~STN~06/10/2023 08:05~~
MAD,FCO,2023-06-10T21:30:00,2023-06-10T23:55:00,129.38,EUR,FR9674,FR~9674~ ~~MAD~06/10/2023 21:30~FCO~06/10/2023 23:55~~
MAD,VIE,2023-06-10T11:00:00,2023-06-10T13:55:00,165.02,EUR,FR690,FR~ 690~ ~~MAD~06/10/2023 11:00~VIE~06/10/2023 13:55~~
MAD,MLA,2023-06-10T18:25:00,2023-06-10T21:05:00,400.15,EUR,FR5382,FR~5382~ ~~MAD~06/10/2023 18:25~MLA~06/10/2023 21:05~~
MAD,OPO,2023-06-11T09:50:00,2023-06-11T10:10:00,71.04,EUR,FR572,FR~ 572~ ~~MAD~06/11/2023 09:50~OPO~06/11/2023 10:10~~
MAD,STN,2023-06-11T07:00:00,2023-06-11T08:25:00,150.24,EUR,FR2629,FR~2629~ ~~MAD~06/11/2023 07:00~STN~06/11/2023 08:25~~
MAD,VIE,2023-06-11T09:45:00,2023-06-11T12:40:00,211.82,EUR,FR690,FR~ 690~ ~~MAD~06/11/2023 09:45~VIE~06/11/2023 12:40~~
MAD,MXP,2023-06-11T10:15:00,2023-06-11T12:25:00,223.74,EUR,FR2753,FR~2753~ ~~MAD~06/11/2023 10:15~MXP~06/11/2023 12:25~~
MAD,BRU,2023-06-11T17:55:00,2023-06-11T20:15:00,410.75,EUR,FR2948,FR~2948~ ~~MAD~06/11/2023 17:55~BRU~06/11/2023 20:15~~
MAD,FCO,2023-06-11T20:35:00,2023-06-11T23:00:00,410.75,EUR,FR9674,FR~9674~ ~~MAD~06/11/2023 20:35~FCO~06/11/2023 23:00~~
MAD,OPO,2023-06-12T21:45:00,2023-06-12T22:00:00,27.94,EUR,FR5484,FR~5484~ ~~MAD~06/12/2023 21:45~OPO~06/12/2023 22:00~~
MAD,STN,2023-06-12T22:45:00,2023-06-13T00:10:00,140.24,EUR,RK5995,RK~5995~ ~~MAD~06/12/2023 22:45~STN~06/13/2023 00:10~~
MAD,FCO,2023-06-12T15:10:00,2023-06-12T17:35:00,172.8,EUR,FR9674,FR~9674~ ~~MAD~06/12/2023 15:10~FCO~06/12/2023 17:35~~
MAD,MXP,2023-06-12T17:00:00,2023-06-12T19:10:00,206.19,EUR,FR2753,FR~2753~ ~~MAD~06/12/2023 17:00~MXP~06/12/2023 19:10~~
MAD,VIE,2023-06-12T13:45:00,2023-06-12T16:40:00,211.82,EUR,FR690,FR~ 690~ ~~MAD~06/12/2023 13:45~VIE~06/12/2023 16:40~~
MAD,MLA,2023-06-12T21:35:00,2023-06-13T00:15:00,314.61,EUR,FR5382,FR~5382~ ~~MAD~06/12/2023 21:35~MLA~06/13/2023 00:15~~
MAD,OPO,2023-06-13T20:45:00,2023-06-13T21:00:00,29.32,EUR,FR5482,FR~5482~ ~~MAD~06/13/2023 20:45~OPO~06/13/2023 21:00~~
MAD,CPH,2023-06-13T06:30:00,2023-06-13T09:45:00,48.11,EUR,FR607,FR~ 607~ ~~MAD~06/13/2023 06:30~CPH~06/13/2023 09:45~~
MAD,FCO,2023-06-13T17:10:00,2023-06-13T19:35:00,91.88,EUR,FR9685,FR~9685~ ~~MAD~06/13/2023 17:10~FCO~06/13/2023 19:35~~
MAD,MXP,2023-06-13T19:35:00,2023-06-13T21:45:00,104.24,EUR,FR2753,FR~2753~ ~~MAD~06/13/2023 19:35~MXP~06/13/2023 21:45~~
MAD,BRU,2023-06-13T11:05:00,2023-06-13T13:25:00,105.69,EUR,FR2948,FR~2948~ ~~MAD~06/13/2023 11:05~BRU~06/13/2023 13:25~~
MAD,VIE,2023-06-13T18:40:00,2023-06-13T21:35:00,114.06,EUR,FR690,FR~ 690~ ~~MAD~06/13/2023 18:40~VIE~06/13/2023 21:35~~
MAD,STN,2023-06-13T07:05:00,2023-06-13T08:30:00,120.37,EUR,FR2629,FR~2629~ ~~MAD~06/13/2023 07:05~STN~06/13/2023 08:30~~
MAD,MLA,2023-06-13T09:15:00,2023-06-13T11:55:00,165.02,EUR,FR5382,FR~5382~ ~~MAD~06/13/2023 09:15~MLA~06/13/2023 11:55~~
MAD,OPO,2023-06-14T13:40:00,2023-06-14T13:55:00,26.94,EUR,FR572,FR~ 572~ ~~MAD~06/14/2023 13:40~OPO~06/14/2023 13:55~~
MAD,STN,2023-06-14T22:20:00,2023-06-14T23:45:00,67.49,EUR,FR5995,FR~5995~ ~~MAD~06/14/2023 22:20~STN~06/14/2023 23:45~~
MAD,BRU,2023-06-14T07:15:00,2023-06-14T09:35:00,83.08,EUR,FR2948,FR~2948~ ~~MAD~06/14/2023 07:15~BRU~06/14/2023 09:35~~
MAD,FCO,2023-06-14T06:55:00,2023-06-14T09:15:00,91.14,EUR,FR9602,FR~9602~ ~~MAD~06/14/2023 06:55~FCO~06/14/2023 09:15~~
MAD,VIE,2023-06-14T19:00:00,2023-06-14T21:55:00,122.87,EUR,FR690,FR~ 690~ ~~MAD~06/14/2023 19:00~VIE~06/14/2023 21:55~~
MAD,MXP,2023-06-14T07:15:00,2023-06-14T09:25:00,126.82,EUR,FR2753,FR~2753~ ~~MAD~06/14/2023 07:15~MXP~06/14/2023 09:25~~
MAD,PRG,2023-06-14T14:00:00,2023-06-14T16:50:00,154.99,EUR,FR2766,FR~2766~ ~~MAD~06/14/2023 14:00~PRG~06/14/2023 16:50~~
MAD,MLA,2023-06-14T14:25:00,2023-06-14T17:05:00,165.02,EUR,FR5382,FR~5382~ ~~MAD~06/14/2023 14:25~MLA~06/14/2023 17:05~~
MAD,CPH,2023-06-15T17:30:00,2023-06-15T20:45:00,50.89,EUR,FR607,FR~ 607~ ~~MAD~06/15/2023 17:30~CPH~06/15/2023 20:45~~
MAD,OPO,2023-06-15T22:55:00,2023-06-15T23:10:00,51.54,EUR,FR5482,FR~5482~ ~~MAD~06/15/2023 22:55~OPO~06/15/2023 23:10~~
MAD,BRU,2023-06-15T14:05:00,2023-06-15T16:25:00,84.55,EUR,FR2948,FR~2948~ ~~MAD~06/15/2023 14:05~BRU~06/15/2023 16:25~~
MAD,VIE,2023-06-15T12:10:00,2023-06-15T15:05:00,85.77,EUR,FR690,FR~ 690~ ~~MAD~06/15/2023 12:10~VIE~06/15/2023 15:05~~
MAD,FCO,2023-06-15T06:45:00,2023-06-15T09:10:00,89.92,EUR,FR9602,FR~9602~ ~~MAD~06/15/2023 06:45~FCO~06/15/2023 09:10~~
MAD,STN,2023-06-15T14:00:00,2023-06-15T15:25:00,110.39,EUR,FR5993,FR~5993~ ~~MAD~06/15/2023 14:00~STN~06/15/2023 15:25~~
MAD,MLA,2023-06-15T06:10:00,2023-06-15T08:50:00,140.26,EUR,FR5382,FR~5382~ ~~MAD~06/15/2023 06:10~MLA~06/15/2023 08:50~~
MAD,MXP,2023-06-15T09:50:00,2023-06-15T12:00:00,150.24,EUR,FR2753,FR~2753~ ~~MAD~06/15/2023 09:50~MXP~06/15/2023 12:00~~
MAD,OPO,2023-06-16T09:10:00,2023-06-16T09:25:00,37.83,EUR,FR572,FR~ 572~ ~~MAD~06/16/2023 09:10~OPO~06/16/2023 09:25~~
MAD,BRU,2023-06-16T06:10:00,2023-06-16T08:30:00,73.21,EUR,FR2948,FR~2948~ ~~MAD~06/16/2023 06:10~BRU~06/16/2023 08:30~~
MAD,STN,2023-06-16T22:30:00,2023-06-16T23:55:00,94.24,EUR,FR5995,FR~5995~ ~~MAD~06/16/2023 22:30~STN~06/16/2023 23:55~~
MAD,VIE,2023-06-16T10:25:00,2023-06-16T13:20:00,101.41,EUR,FR690,FR~ 690~ ~~MAD~06/16/2023 10:25~VIE~06/16/2023 13:20~~
MAD,MLA,2023-06-16T06:05:00,2023-06-16T08:45:00,122.86,EUR,FR5382,FR~5382~ ~~MAD~06/16/2023 06:05~MLA~06/16/2023 08:45~~
MAD,FCO,2023-06-16T06:55:00,2023-06-16T09:20:00,127.33,EUR,FR9602,FR~9602~ ~~MAD~06/16/2023 06:55~FCO~06/16/2023 09:20~~
MAD,MXP,2023-06-16T07:15:00,2023-06-16T09:25:00,143.37,EUR,FR2753,FR~2753~ ~~MAD~06/16/2023 07:15~MXP~06/16/2023 09:25~~
TLV,VIE,2023-06-09T19:05:00,2023-06-09T21:55:00,69.88,EUR,FR7292,FR~7292~ ~~TLV~06/09/2023 19:05~VIE~06/09/2023 21:55~~
TLV,FCO,2023-06-10T13:40:00,2023-06-10T16:25:00,54.93,EUR,FR5813,FR~5813~ ~~TLV~06/10/2023 13:40~FCO~06/10/2023 16:25~~
TLV,VIE,2023-06-10T14:10:00,2023-06-10T17:00:00,81.16,EUR,FR7162,FR~7162~ ~~TLV~06/10/2023 14:10~VIE~06/10/2023 17:00~~
TLV,VIE,2023-06-11T17:40:00,2023-06-11T20:30:00,163.71,EUR,FR7162,FR~7162~ ~~TLV~06/11/2023 17:40~VIE~06/11/2023 20:30~~
TLV,VIE,2023-06-12T11:50:00,2023-06-12T14:40:00,107.02,EUR,FR7162,FR~7162~ ~~TLV~06/12/2023 11:50~VIE~06/12/2023 14:40~~
TLV,FCO,2023-06-12T11:30:00,2023-06-12T14:15:00,136.51,EUR,FR5813,FR~5813~ ~~TLV~06/12/2023 11:30~FCO~06/12/2023 14:15~~
TLV,VIE,2023-06-13T19:15:00,2023-06-13T22:05:00,74.44,EUR,FR7162,FR~7162~ ~~TLV~06/13/2023 19:15~VIE~06/13/2023 22:05~~
TLV,FCO,2023-06-13T11:50:00,2023-06-13T14:35:00,81.53,EUR,FR5813,FR~5813~ ~~TLV~06/13/2023 11:50~FCO~06/13/2023 14:35~~
TLV,MLA,2023-06-14T22:25:00,2023-06-15T00:55:00,29.84,EUR,FR762,FR~ 762~ ~~TLV~06/14/2023 22:25~MLA~06/15/2023 00:55~~
TLV,VIE,2023-06-14T16:35:00,2023-06-14T19:25:00,74.44,EUR,FR7292,FR~7292~ ~~TLV~06/14/2023 16:35~VIE~06/14/2023 19:25~~
TLV,VIE,2023-06-15T19:50:00,2023-06-15T22:40:00,87.66,EUR,FR7162,FR~7162~ ~~TLV~06/15/2023 19:50~VIE~06/15/2023 22:40~~
TLV,VIE,2023-06-16T19:05:00,2023-06-16T21:55:00,68.2,EUR,FR7292,FR~7292~ ~~TLV~06/16/2023 19:05~VIE~06/16/2023 21:55~~
BTS,MLA,2023-06-09T21:05:00,2023-06-09T23:20:00,81.16,EUR,FR1529,FR~1529~ ~~BTS~06/09/2023 21:05~MLA~06/09/2023 23:20~~
BTS,MLA,2023-06-10T12:10:00,2023-06-10T14:25:00,31.17,EUR,FR1529,FR~1529~ ~~BTS~06/10/2023 12:10~MLA~06/10/2023 14:25~~
BTS,STN,2023-06-10T06:50:00,2023-06-10T08:10:00,68.2,EUR,FR2315,FR~2315~ ~~BTS~06/10/2023 06:50~STN~06/10/2023 08:10~~
BTS,STN,2023-06-11T06:25:00,2023-06-11T07:45:00,79.73,EUR,FR2315,FR~2315~ ~~BTS~06/11/2023 06:25~STN~06/11/2023 07:45~~
BTS,MLA,2023-06-12T21:55:00,2023-06-13T00:10:00,27.17,EUR,FR1529,FR~1529~ ~~BTS~06/12/2023 21:55~MLA~06/13/2023 00:10~~
BTS,MLA,2023-06-13T18:35:00,2023-06-13T20:50:00,27.17,EUR,FR1529,FR~1529~ ~~BTS~06/13/2023 18:35~MLA~06/13/2023 20:50~~
BTS,STN,2023-06-13T13:15:00,2023-06-13T14:35:00,54.89,EUR,FR2315,FR~2315~ ~~BTS~06/13/2023 13:15~STN~06/13/2023 14:35~~
BTS,STN,2023-06-14T20:10:00,2023-06-14T21:30:00,26.19,EUR,FR2315,FR~2315~ ~~BTS~06/14/2023 20:10~STN~06/14/2023 21:30~~
BTS,STN,2023-06-15T16:10:00,2023-06-15T17:30:00,48.78,EUR,FR2315,FR~2315~ ~~BTS~06/15/2023 16:10~STN~06/15/2023 17:30~~
BTS,MLA,2023-06-16T21:05:00,2023-06-16T23:20:00,90.3,EUR,FR1529,FR~1529~ ~~BTS~06/16/2023 21:05~MLA~06/16/2023 23:20~~
VIE,ARN,2023-06-09T07:10:00,2023-06-09T09:25:00,20.03,EUR,FR755,FR~ 755~ ~~VIE~06/09/2023 07:10~ARN~06/09/2023 09:25~~
VIE,TLV,2023-06-09T06:15:00,2023-06-09T10:40:00,48.52,EUR,FR7161,FR~7161~ ~~VIE~06/09/2023 06:15~TLV~06/09/2023 10:40~~
VIE,MLA,2023-06-09T17:20:00,2023-06-09T19:35:00,50.87,EUR,FR1588,FR~1588~ ~~VIE~06/09/2023 17:20~MLA~06/09/2023 19:35~~
VIE,MXP,2023-06-09T11:35:00,2023-06-09T13:05:00,66.91,EUR,FR214,FR~ 214~ ~~VIE~06/09/2023 11:35~MXP~06/09/2023 13:05~~
VIE,CPH,2023-06-09T11:25:00,2023-06-09T13:05:00,88.47,EUR,FR9889,FR~9889~ ~~VIE~06/09/2023 11:25~CPH~06/09/2023 13:05~~
VIE,FCO,2023-06-09T15:15:00,2023-06-09T16:55:00,98.54,EUR,FR1645,FR~1645~ ~~VIE~06/09/2023 15:15~FCO~06/09/2023 16:55~~
VIE,MAD,2023-06-09T06:45:00,2023-06-09T09:50:00,99.27,EUR,FR689,FR~ 689~ ~~VIE~06/09/2023 06:45~MAD~06/09/2023 09:50~~
VIE,BCN,2023-06-09T15:45:00,2023-06-09T18:05:00,101.41,EUR,FR7362,FR~7362~ ~~VIE~06/09/2023 15:45~BCN~06/09/2023 18:05~~
VIE,STN,2023-06-09T11:15:00,2023-06-09T12:30:00,160.71,EUR,FR729,FR~ 729~ ~~VIE~06/09/2023 11:15~STN~06/09/2023 12:30~~
VIE,LIS,2023-06-09T14:50:00,2023-06-09T17:30:00,193.49,EUR,FR4167,FR~4167~ ~~VIE~06/09/2023 14:50~LIS~06/09/2023 17:30~~
VIE,ARN,2023-06-10T22:05:00,2023-06-11T00:20:00,16.78,EUR,FR755,FR~ 755~ ~~VIE~06/10/2023 22:05~ARN~06/11/2023 00:20~~
VIE,MXP,2023-06-10T14:05:00,2023-06-10T15:35:00,28.74,EUR,FR214,FR~ 214~ ~~VIE~06/10/2023 14:05~MXP~06/10/2023 15:35~~
VIE,CPH,2023-06-10T19:10:00,2023-06-10T20:50:00,30.47,EUR,FR9889,FR~9889~ ~~VIE~06/10/2023 19:10~CPH~06/10/2023 20:50~~
VIE,FCO,2023-06-10T16:40:00,2023-06-10T18:20:00,47.02,EUR,FR7177,FR~7177~ ~~VIE~06/10/2023 16:40~FCO~06/10/2023 18:20~~
VIE,MLA,2023-06-10T10:05:00,2023-06-10T12:20:00,59.87,EUR,FR1588,FR~1588~ ~~VIE~06/10/2023 10:05~MLA~06/10/2023 12:20~~
VIE,BCN,2023-06-10T06:25:00,2023-06-10T08:45:00,68.17,EUR,FR7362,FR~7362~ ~~VIE~06/10/2023 06:25~BCN~06/10/2023 08:45~~
VIE,TLV,2023-06-10T08:55:00,2023-06-10T13:20:00,69.2,EUR,FR7161,FR~7161~ ~~VIE~06/10/2023 08:55~TLV~06/10/2023 13:20~~
VIE,STN,2023-06-10T05:45:00,2023-06-10T07:00:00,76.28,EUR,FR729,FR~ 729~ ~~VIE~06/10/2023 05:45~STN~06/10/2023 07:00~~
VIE,MAD,2023-06-10T07:05:00,2023-06-10T10:00:00,121.87,EUR,FR689,FR~ 689~ ~~VIE~06/10/2023 07:05~MAD~06/10/2023 10:00~~
VIE,OPO,2023-06-10T15:35:00,2023-06-10T18:00:00,126.24,EUR,FR751,FR~ 751~ ~~VIE~06/10/2023 15:35~OPO~06/10/2023 18:00~~
VIE,LIS,2023-06-10T16:25:00,2023-06-10T19:00:00,167.99,EUR,FR4167,FR~4167~ ~~VIE~06/10/2023 16:25~LIS~06/10/2023 19:00~~
VIE,ARN,2023-06-11T06:35:00,2023-06-11T08:50:00,25.83,EUR,FR755,FR~ 755~ ~~VIE~06/11/2023 06:35~ARN~06/11/2023 08:50~~
VIE,FCO,2023-06-11T20:35:00,2023-06-11T22:15:00,40.91,EUR,FR7177,FR~7177~ ~~VIE~06/11/2023 20:35~FCO~06/11/2023 22:15~~
VIE,CPH,2023-06-11T07:05:00,2023-06-11T08:45:00,48.38,EUR,FR9889,FR~9889~ ~~VIE~06/11/2023 07:05~CPH~06/11/2023 08:45~~
VIE,JSI,2023-06-11T10:35:00,2023-06-11T13:35:00,63.21,EUR,FR240,FR~ 240~ ~~VIE~06/11/2023 10:35~JSI~06/11/2023 13:35~~
VIE,BCN,2023-06-11T08:00:00,2023-06-11T10:20:00,74.44,EUR,FR7350,FR~7350~ ~~VIE~06/11/2023 08:00~BCN~06/11/2023 10:20~~
VIE,MAD,2023-06-11T06:05:00,2023-06-11T09:10:00,78.22,EUR,FR689,FR~ 689~ ~~VIE~06/11/2023 06:05~MAD~06/11/2023 09:10~~
VIE,TLV,2023-06-11T12:25:00,2023-06-11T16:50:00,102.07,EUR,FR7161,FR~7161~ ~~VIE~06/11/2023 12:25~TLV~06/11/2023 16:50~~
VIE,MXP,2023-06-11T18:25:00,2023-06-11T19:55:00,105.82,EUR,FR214,FR~ 214~ ~~VIE~06/11/2023 18:25~MXP~06/11/2023 19:55~~
VIE,STN,2023-06-11T11:50:00,2023-06-11T13:05:00,119.07,EUR,FR731,FR~ 731~ ~~VIE~06/11/2023 11:50~STN~06/11/2023 13:05~~
VIE,OPO,2023-06-11T16:50:00,2023-06-11T19:15:00,146.99,EUR,FR751,FR~ 751~ ~~VIE~06/11/2023 16:50~OPO~06/11/2023 19:15~~
VIE,LIS,2023-06-11T16:10:00,2023-06-11T18:45:00,171.49,EUR,FR4167,FR~4167~ ~~VIE~06/11/2023 16:10~LIS~06/11/2023 18:45~~
VIE,ARN,2023-06-12T05:50:00,2023-06-12T08:05:00,16.74,EUR,FR755,FR~ 755~ ~~VIE~06/12/2023 05:50~ARN~06/12/2023 08:05~~
VIE,FCO,2023-06-12T19:05:00,2023-06-12T20:45:00,25.94,EUR,FR7177,FR~7177~ ~~VIE~06/12/2023 19:05~FCO~06/12/2023 20:45~~
VIE,CPH,2023-06-12T10:25:00,2023-06-12T12:05:00,39.17,EUR,FR9889,FR~9889~ ~~VIE~06/12/2023 10:25~CPH~06/12/2023 12:05~~
VIE,MXP,2023-06-12T13:20:00,2023-06-12T14:50:00,45.59,EUR,FR214,FR~ 214~ ~~VIE~06/12/2023 13:20~MXP~06/12/2023 14:50~~
VIE,TLV,2023-06-12T06:35:00,2023-06-12T11:00:00,65.35,EUR,FR7161,FR~7161~ ~~VIE~06/12/2023 06:35~TLV~06/12/2023 11:00~~
VIE,MLA,2023-06-12T10:15:00,2023-06-12T12:30:00,81.69,EUR,FR1588,FR~1588~ ~~VIE~06/12/2023 10:15~MLA~06/12/2023 12:30~~
VIE,MAD,2023-06-12T17:10:00,2023-06-12T20:15:00,92.43,EUR,FR689,FR~ 689~ ~~VIE~06/12/2023 17:10~MAD~06/12/2023 20:15~~
VIE,STN,2023-06-12T06:05:00,2023-06-12T07:20:00,114.94,EUR,FR729,FR~ 729~ ~~VIE~06/12/2023 06:05~STN~06/12/2023 07:20~~
VIE,BCN,2023-06-12T11:40:00,2023-06-12T14:00:00,116.84,EUR,FR7362,FR~7362~ ~~VIE~06/12/2023 11:40~BCN~06/12/2023 14:00~~
VIE,LIS,2023-06-12T16:00:00,2023-06-12T18:35:00,134.12,EUR,FR4167,FR~4167~ ~~VIE~06/12/2023 16:00~LIS~06/12/2023 18:35~~
VIE,OPO,2023-06-12T06:25:00,2023-06-12T08:50:00,135.29,EUR,FR751,FR~ 751~ ~~VIE~06/12/2023 06:25~OPO~06/12/2023 08:50~~
VIE,ARN,2023-06-13T18:00:00,2023-06-13T20:15:00,16.83,EUR,FR755,FR~ 755~ ~~VIE~06/13/2023 18:00~ARN~06/13/2023 20:15~~
VIE,MXP,2023-06-13T12:45:00,2023-06-13T14:15:00,18.36,EUR,FR214,FR~ 214~ ~~VIE~06/13/2023 12:45~MXP~06/13/2023 14:15~~
VIE,CPH,2023-06-13T16:00:00,2023-06-13T17:40:00,22.88,EUR,FR9889,FR~9889~ ~~VIE~06/13/2023 16:00~CPH~06/13/2023 17:40~~
VIE,FCO,2023-06-13T10:45:00,2023-06-13T12:25:00,32.59,EUR,FR1645,FR~1645~ ~~VIE~06/13/2023 10:45~FCO~06/13/2023 12:25~~
VIE,BCN,2023-06-13T05:55:00,2023-06-13T08:15:00,34.89,EUR,FR7350,FR~7350~ ~~VIE~06/13/2023 05:55~BCN~06/13/2023 08:15~~
VIE,STN,2023-06-13T10:50:00,2023-06-13T12:05:00,38.68,EUR,FR729,FR~ 729~ ~~VIE~06/13/2023 10:50~STN~06/13/2023 12:05~~
VIE,MLA,2023-06-13T16:55:00,2023-06-13T19:10:00,52.05,EUR,FR1588,FR~1588~ ~~VIE~06/13/2023 16:55~MLA~06/13/2023 19:10~~
VIE,TLV,2023-06-13T14:00:00,2023-06-13T18:25:00,56.89,EUR,FR7161,FR~7161~ ~~VIE~06/13/2023 14:00~TLV~06/13/2023 18:25~~
VIE,JSI,2023-06-13T11:15:00,2023-06-13T14:15:00,67.84,EUR,FR240,FR~ 240~ ~~VIE~06/13/2023 11:15~JSI~06/13/2023 14:15~~
VIE,MAD,2023-06-13T15:00:00,2023-06-13T18:05:00,100.09,EUR,FR689,FR~ 689~ ~~VIE~06/13/2023 15:00~MAD~06/13/2023 18:05~~
VIE,OPO,2023-06-13T07:00:00,2023-06-13T09:25:00,126.24,EUR,FR751,FR~ 751~ ~~VIE~06/13/2023 07:00~OPO~06/13/2023 09:25~~
VIE,LIS,2023-06-13T08:20:00,2023-06-13T10:55:00,177.79,EUR,FR4167,FR~4167~ ~~VIE~06/13/2023 08:20~LIS~06/13/2023 10:55~~
VIE,ARN,2023-06-14T05:50:00,2023-06-14T08:05:00,16.22,EUR,FR755,FR~ 755~ ~~VIE~06/14/2023 05:50~ARN~06/14/2023 08:05~~
VIE,MXP,2023-06-14T18:00:00,2023-06-14T19:30:00,18.45,EUR,FR214,FR~ 214~ ~~VIE~06/14/2023 18:00~MXP~06/14/2023 19:30~~
VIE,CPH,2023-06-14T11:30:00,2023-06-14T13:10:00,22.85,EUR,FR9889,FR~9889~ ~~VIE~06/14/2023 11:30~CPH~06/14/2023 13:10~~
VIE,STN,2023-06-14T06:10:00,2023-06-14T07:25:00,23.96,EUR,FR729,FR~ 729~ ~~VIE~06/14/2023 06:10~STN~06/14/2023 07:25~~
VIE,TLV,2023-06-14T06:35:00,2023-06-14T11:00:00,30.09,EUR,FR7161,FR~7161~ ~~VIE~06/14/2023 06:35~TLV~06/14/2023 11:00~~
VIE,JSI,2023-06-14T07:55:00,2023-06-14T10:55:00,37.69,EUR,FR240,FR~ 240~ ~~VIE~06/14/2023 07:55~JSI~06/14/2023 10:55~~
VIE,FCO,2023-06-14T11:00:00,2023-06-14T12:40:00,41.07,EUR,FR1645,FR~1645~ ~~VIE~06/14/2023 11:00~FCO~06/14/2023 12:40~~
VIE,BCN,2023-06-14T05:45:00,2023-06-14T08:05:00,55.44,EUR,FR7350,FR~7350~ ~~VIE~06/14/2023 05:45~BCN~06/14/2023 08:05~~
VIE,LIS,2023-06-14T06:40:00,2023-06-14T09:15:00,112.74,EUR,FR4167,FR~4167~ ~~VIE~06/14/2023 06:40~LIS~06/14/2023 09:15~~
VIE,MAD,2023-06-14T15:20:00,2023-06-14T18:25:00,118.42,EUR,FR689,FR~ 689~ ~~VIE~06/14/2023 15:20~MAD~06/14/2023 18:25~~
VIE,OPO,2023-06-14T07:10:00,2023-06-14T09:35:00,147.99,EUR,FR751,FR~ 751~ ~~VIE~06/14/2023 07:10~OPO~06/14/2023 09:35~~
VIE,ARN,2023-06-15T14:50:00,2023-06-15T17:05:00,16.91,EUR,FR755,FR~ 755~ ~~VIE~06/15/2023 14:50~ARN~06/15/2023 17:05~~
VIE,MXP,2023-06-15T14:00:00,2023-06-15T15:30:00,18.73,EUR,FR214,FR~ 214~ ~~VIE~06/15/2023 14:00~MXP~06/15/2023 15:30~~
VIE,CPH,2023-06-15T07:20:00,2023-06-15T09:00:00,22.82,EUR,FR9889,FR~9889~ ~~VIE~06/15/2023 07:20~CPH~06/15/2023 09:00~~
VIE,TLV,2023-06-15T14:35:00,2023-06-15T19:00:00,33.43,EUR,FR7161,FR~7161~ ~~VIE~06/15/2023 14:35~TLV~06/15/2023 19:00~~
VIE,STN,2023-06-15T10:45:00,2023-06-15T12:00:00,35.94,EUR,FR729,FR~ 729~ ~~VIE~06/15/2023 10:45~STN~06/15/2023 12:00~~
VIE,FCO,2023-06-15T19:05:00,2023-06-15T20:45:00,48.72,EUR,FR7177,FR~7177~ ~~VIE~06/15/2023 19:05~FCO~06/15/2023 20:45~~
VIE,MLA,2023-06-15T14:35:00,2023-06-15T16:50:00,62.12,EUR,FR1588,FR~1588~ ~~VIE~06/15/2023 14:35~MLA~06/15/2023 16:50~~
VIE,BCN,2023-06-15T07:40:00,2023-06-15T10:00:00,82.17,EUR,FR7350,FR~7350~ ~~VIE~06/15/2023 07:40~BCN~06/15/2023 10:00~~
VIE,MAD,2023-06-15T08:00:00,2023-06-15T11:00:00,99.27,EUR,FR689,FR~ 689~ ~~VIE~06/15/2023 08:00~MAD~06/15/2023 11:00~~
VIE,LIS,2023-06-15T06:15:00,2023-06-15T08:50:00,177.79,EUR,FR4167,FR~4167~ ~~VIE~06/15/2023 06:15~LIS~06/15/2023 08:50~~
VIE,ARN,2023-06-16T07:10:00,2023-06-16T09:25:00,18.79,EUR,FR755,FR~ 755~ ~~VIE~06/16/2023 07:10~ARN~06/16/2023 09:25~~
VIE,FCO,2023-06-16T15:15:00,2023-06-16T16:55:00,33.43,EUR,FR1645,FR~1645~ ~~VIE~06/16/2023 15:15~FCO~06/16/2023 16:55~~
VIE,TLV,2023-06-16T13:50:00,2023-06-16T18:15:00,34.54,EUR,FR7291,FR~7291~ ~~VIE~06/16/2023 13:50~TLV~06/16/2023 18:15~~
VIE,MXP,2023-06-16T11:35:00,2023-06-16T13:05:00,45.59,EUR,FR214,FR~ 214~ ~~VIE~06/16/2023 11:35~MXP~06/16/2023 13:05~~
VIE,MLA,2023-06-16T17:20:00,2023-06-16T19:35:00,50.49,EUR,FR1588,FR~1588~ ~~VIE~06/16/2023 17:20~MLA~06/16/2023 19:35~~
VIE,CPH,2023-06-16T11:25:00,2023-06-16T13:05:00,53.23,EUR,FR9889,FR~9889~ ~~VIE~06/16/2023 11:25~CPH~06/16/2023 13:05~~
VIE,BCN,2023-06-16T08:45:00,2023-06-16T11:00:00,68.88,EUR,FR7350,FR~7350~ ~~VIE~06/16/2023 08:45~BCN~06/16/2023 11:00~~
VIE,MAD,2023-06-16T06:45:00,2023-06-16T09:50:00,78.97,EUR,FR689,FR~ 689~ ~~VIE~06/16/2023 06:45~MAD~06/16/2023 09:50~~
VIE,STN,2023-06-16T18:15:00,2023-06-16T19:30:00,88.15,EUR,FR731,FR~ 731~ ~~VIE~06/16/2023 18:15~STN~06/16/2023 19:30~~
VIE,LIS,2023-06-16T14:50:00,2023-06-16T17:30:00,179.99,EUR,FR4167,FR~4167~ ~~VIE~06/16/2023 14:50~LIS~06/16/2023 17:30~~
BRQ,STN,2023-06-09T23:50:00,2023-06-10T00:55:00,2640.83,CZK,FR2478,FR~2478~ ~~BRQ~06/09/2023 23:50~STN~06/10/2023 00:55~~
BRQ,STN,2023-06-10T13:00:00,2023-06-10T14:05:00,4094.67,CZK,FR2478,FR~2478~ ~~BRQ~06/10/2023 13:00~STN~06/10/2023 14:05~~
BRQ,STN,2023-06-11T19:45:00,2023-06-11T20:50:00,2035.38,CZK,FR2478,FR~2478~ ~~BRQ~06/11/2023 19:45~STN~06/11/2023 20:50~~
BRQ,STN,2023-06-12T10:10:00,2023-06-12T11:15:00,1255.27,CZK,FR2478,FR~2478~ ~~BRQ~06/12/2023 10:10~STN~06/12/2023 11:15~~
BRQ,STN,2023-06-13T15:55:00,2023-06-13T17:00:00,994.9,CZK,FR2478,FR~2478~ ~~BRQ~06/13/2023 15:55~STN~06/13/2023 17:00~~
BRQ,STN,2023-06-14T22:30:00,2023-06-14T23:35:00,497.83,CZK,FR2478,FR~2478~ ~~BRQ~06/14/2023 22:30~STN~06/14/2023 23:35~~
BRQ,STN,2023-06-15T10:30:00,2023-06-15T11:35:00,1017.57,CZK,FR2478,FR~2478~ ~~BRQ~06/15/2023 10:30~STN~06/15/2023 11:35~~
BRQ,STN,2023-06-16T23:50:00,2023-06-17T00:55:00,545.17,CZK,FR2478,FR~2478~ ~~BRQ~06/16/2023 23:50~STN~06/17/2023 00:55~~
PRG,BCN,2023-06-09T20:50:00,2023-06-09T23:10:00,909.29,CZK,FR3040,FR~3040~ ~~PRG~06/09/2023 20:50~BCN~06/09/2023 23:10~~
PRG,FCO,2023-06-09T21:05:00,2023-06-09T22:55:00,950.52,CZK,FR8330,FR~8330~ ~~PRG~06/09/2023 21:05~FCO~06/09/2023 22:55~~
PRG,JSI,2023-06-09T11:55:00,2023-06-09T15:20:00,1575.26,CZK,FR9418,FR~9418~ ~~PRG~06/09/2023 11:55~JSI~06/09/2023 15:20~~
PRG,CPH,2023-06-10T06:05:00,2023-06-10T07:30:00,1466.74,CZK,FR7952,FR~7952~ ~~PRG~06/10/2023 06:05~CPH~06/10/2023 07:30~~
PRG,BCN,2023-06-10T06:05:00,2023-06-10T08:25:00,1596.16,CZK,FR3040,FR~3040~ ~~PRG~06/10/2023 06:05~BCN~06/10/2023 08:25~~
PRG,FCO,2023-06-10T17:40:00,2023-06-10T19:30:00,2238.7,CZK,FR5805,FR~5805~ ~~PRG~06/10/2023 17:40~FCO~06/10/2023 19:30~~
PRG,STN,2023-06-10T16:45:00,2023-06-10T17:40:00,4565.19,CZK,FR2014,FR~2014~ ~~PRG~06/10/2023 16:45~STN~06/10/2023 17:40~~
PRG,FCO,2023-06-11T14:40:00,2023-06-11T16:30:00,1970.52,CZK,FR5805,FR~5805~ ~~PRG~06/11/2023 14:40~FCO~06/11/2023 16:30~~
PRG,STN,2023-06-11T17:40:00,2023-06-11T18:35:00,4395.87,CZK,FR1375,FR~1375~ ~~PRG~06/11/2023 17:40~STN~06/11/2023 18:35~~
PRG,FCO,2023-06-12T14:30:00,2023-06-12T16:20:00,2176.21,CZK,FR5805,FR~5805~ ~~PRG~06/12/2023 14:30~FCO~06/12/2023 16:20~~
PRG,STN,2023-06-12T20:05:00,2023-06-12T21:00:00,2561.73,CZK,FR1375,FR~1375~ ~~PRG~06/12/2023 20:05~STN~06/12/2023 21:00~~
PRG,BCN,2023-06-12T10:15:00,2023-06-12T12:35:00,2834.64,CZK,FR3040,FR~3040~ ~~PRG~06/12/2023 10:15~BCN~06/12/2023 12:35~~
PRG,CPH,2023-06-12T06:05:00,2023-06-12T07:30:00,3036.63,CZK,FR7952,FR~7952~ ~~PRG~06/12/2023 06:05~CPH~06/12/2023 07:30~~
PRG,CPH,2023-06-13T20:05:00,2023-06-13T21:30:00,614.62,CZK,FR7952,FR~7952~ ~~PRG~06/13/2023 20:05~CPH~06/13/2023 21:30~~
PRG,FCO,2023-06-13T17:50:00,2023-06-13T19:40:00,793.6,CZK,FR8330,FR~8330~ ~~PRG~06/13/2023 17:50~FCO~06/13/2023 19:40~~
PRG,JSI,2023-06-13T14:35:00,2023-06-13T18:00:00,1575.26,CZK,FR9418,FR~9418~ ~~PRG~06/13/2023 14:35~JSI~06/13/2023 18:00~~
PRG,STN,2023-06-13T06:30:00,2023-06-13T07:25:00,1582.13,CZK,FR1014,FR~1014~ ~~PRG~06/13/2023 06:30~STN~06/13/2023 07:25~~
PRG,BCN,2023-06-13T16:05:00,2023-06-13T18:25:00,2365.97,CZK,FR3040,FR~3040~ ~~PRG~06/13/2023 16:05~BCN~06/13/2023 18:25~~
PRG,CPH,2023-06-14T16:00:00,2023-06-14T17:25:00,673.36,CZK,FR7952,FR~7952~ ~~PRG~06/14/2023 16:00~CPH~06/14/2023 17:25~~
PRG,FCO,2023-06-14T12:55:00,2023-06-14T14:45:00,972.78,CZK,FR5805,FR~5805~ ~~PRG~06/14/2023 12:55~FCO~06/14/2023 14:45~~
PRG,STN,2023-06-14T21:30:00,2023-06-14T22:25:00,1430.01,CZK,FR1375,FR~1375~ ~~PRG~06/14/2023 21:30~STN~06/14/2023 22:25~~
PRG,MAD,2023-06-14T17:20:00,2023-06-14T20:25:00,2248.41,CZK,FR2767,FR~2767~ ~~PRG~06/14/2023 17:20~MAD~06/14/2023 20:25~~
PRG,STN,2023-06-15T11:15:00,2023-06-15T12:10:00,959.64,CZK,FR1014,FR~1014~ ~~PRG~06/15/2023 11:15~STN~06/15/2023 12:10~~
PRG,CPH,2023-06-15T15:30:00,2023-06-15T16:55:00,972.78,CZK,FR7952,FR~7952~ ~~PRG~06/15/2023 15:30~CPH~06/15/2023 16:55~~
PRG,FCO,2023-06-15T21:45:00,2023-06-15T23:35:00,1263.61,CZK,FR5805,FR~5805~ ~~PRG~06/15/2023 21:45~FCO~06/15/2023 23:35~~
PRG,STN,2023-06-16T06:30:00,2023-06-16T07:25:00,1224.32,CZK,FR1014,FR~1014~ ~~PRG~06/16/2023 06:30~STN~06/16/2023 07:25~~
PRG,FCO,2023-06-16T21:05:00,2023-06-16T22:55:00,1397.97,CZK,FR8330,FR~8330~ ~~PRG~06/16/2023 21:05~FCO~06/16/2023 22:55~~
PRG,JSI,2023-06-16T11:55:00,2023-06-16T15:20:00,2026.21,CZK,FR9418,FR~9418~ ~~PRG~06/16/2023 11:55~JSI~06/16/2023 15:20~~
PRG,BCN,2023-06-16T20:50:00,2023-06-16T23:10:00,2144.28,CZK,FR3040,FR~3040~ ~~PRG~06/16/2023 20:50~BCN~06/16/2023 23:10~~
